case,subject,condition,description,source_rigid_obj,target_mesh,fit_vertices,eval_full_no_eye_vertices,eval_eye_soft_vertices,fixed_eye_vertices,eye_fixed_max,eye_fixed_mean,displacement_mean,displacement_p90,displacement_max,full_median_before,full_median_local,full_median_after,full_p90_before,full_p90_after,nose_median_before,nose_median_local,nose_median_after,nose_p90_before,nose_p90_after,midface_median_before,midface_median_after,history_passes,eye_ellipse_count
001_1_neutral,001,proposed_S8,"Eye/orbit exclusion, nasal depth-contour staging, and nasal/midface weights.",${PAPERFIT_ROOT}/research_rigid_upright_hardgate_allpairs_mergedpass_20260622/001_1_neutral/001_1_neutral_similarity_icp_regframe.obj,${PAPERFIT_ROOT}/prepared_001_020_cv/pairs/001_18_eye_closed/mesh.ply,30618,30618,7415,7415,0.0,0.0,0.0034304565615517393,0.006434270519014312,0.021293031796358594,0.007130473433010699,0.006719472616336972,0.005791058852465996,0.023279150647170017,0.017775201381267588,0.017012800642735436,0.00843878904179827,0.007599319560859955,0.03171997230006633,0.02486775834238754,0.009934540104365196,0.005340196709366474,16,2
001_1_neutral,001,no_eye_exclusion,Allows eyes-open source eye/orbit vertices to participate in fitting.,${PAPERFIT_ROOT}/research_rigid_upright_hardgate_allpairs_mergedpass_20260622/001_1_neutral/001_1_neutral_similarity_icp_regframe.obj,${PAPERFIT_ROOT}/prepared_001_020_cv/pairs/001_18_eye_closed/mesh.ply,35709,30618,7415,0,0.0,0.0,0.009527070611369178,0.013923490267419535,0.024140586520747857,0.007130473433010699,0.00700006114184129,0.0058966296182688515,0.023279150647170017,0.014502292690000711,0.017012800642735436,0.0073453092420247,0.006450001328257024,0.03171997230006633,0.01355278340005519,0.009934540104365196,0.005021754129111582,16,2
001_1_neutral,001,no_nasal_depth_contours,"Keeps eye/orbit exclusion and local anatomical regions, but removes depth-ordered nasal contour staging.",${PAPERFIT_ROOT}/research_rigid_upright_hardgate_allpairs_mergedpass_20260622/001_1_neutral/001_1_neutral_similarity_icp_regframe.obj,${PAPERFIT_ROOT}/prepared_001_020_cv/pairs/001_18_eye_closed/mesh.ply,30618,30618,7415,7415,0.0,0.0,0.0028118324343837557,0.00552267197474241,0.017907370456867373,0.007130473433010699,0.00707966822598528,0.006027286553056633,0.023279150647170017,0.018712881258892887,0.017012800642735436,0.010669799553848211,0.009085925162128906,0.03171997230006633,0.0257710864996466,0.009934540104365196,0.007104550763386678,8,2
001_1_neutral,001,no_region_weights,"Keeps eye/orbit exclusion and depth contours, but removes additional nasal/midface correspondence weights.",${PAPERFIT_ROOT}/research_rigid_upright_hardgate_allpairs_mergedpass_20260622/001_1_neutral/001_1_neutral_similarity_icp_regframe.obj,${PAPERFIT_ROOT}/prepared_001_020_cv/pairs/001_18_eye_closed/mesh.ply,30618,30618,7415,7415,0.0,0.0,0.0034272290504183205,0.006465335599943518,0.020698247903840172,0.007130473433010699,0.0067277937301811995,0.005804382215712825,0.023279150647170017,0.017858664168608963,0.017012800642735436,0.008492192151791781,0.007817584701237685,0.03171997230006633,0.02536384442512869,0.009934540104365196,0.005424835567851874,16,2
001_10_dimpler,001,proposed_S8,"Eye/orbit exclusion, nasal depth-contour staging, and nasal/midface weights.",${PAPERFIT_ROOT}/research_rigid_upright_hardgate_allpairs_mergedpass_20260622/001_10_dimpler/001_10_dimpler_similarity_icp_regframe.obj,${PAPERFIT_ROOT}/prepared_001_020_cv/pairs/001_18_eye_closed/mesh.ply,30911,30911,7125,7125,0.0,0.0,0.004239494613400469,0.007799574276811556,0.025824948547007096,0.007315518469878442,0.007226318462738178,0.006180936267019274,0.024664646158100677,0.02027498048921631,0.01820067004459462,0.009871148808884494,0.008653499572056375,0.034873191122610885,0.025401080094623434,0.010458395268157544,0.005511066404723465,16,2
001_10_dimpler,001,no_eye_exclusion,Allows eyes-open source eye/orbit vertices to participate in fitting.,${PAPERFIT_ROOT}/research_rigid_upright_hardgate_allpairs_mergedpass_20260622/001_10_dimpler/001_10_dimpler_similarity_icp_regframe.obj,${PAPERFIT_ROOT}/prepared_001_020_cv/pairs/001_18_eye_closed/mesh.ply,35709,30911,7125,0,0.0,0.0,0.008277871647523222,0.010906047211423322,0.026793145102687745,0.007315518469878442,0.007589852072858362,0.006220105880723874,0.024664646158100677,0.020499166921035,0.01820067004459462,0.008335119974489253,0.007267977772446361,0.034873191122610885,0.016010739235732433,0.010458395268157544,0.00551768691253963,16,2
001_10_dimpler,001,no_nasal_depth_contours,"Keeps eye/orbit exclusion and local anatomical regions, but removes depth-ordered nasal contour staging.",${PAPERFIT_ROOT}/research_rigid_upright_hardgate_allpairs_mergedpass_20260622/001_10_dimpler/001_10_dimpler_similarity_icp_regframe.obj,${PAPERFIT_ROOT}/prepared_001_020_cv/pairs/001_18_eye_closed/mesh.ply,30911,30911,7125,7125,0.0,0.0,0.002978633643485958,0.005589425117758838,0.01987027273855311,0.007315518469878442,0.007195998513865119,0.006231433456061771,0.024664646158100677,0.020487089340047917,0.01820067004459462,0.012923811182552774,0.011147944939766131,0.034873191122610885,0.026547993610280964,0.010458395268157544,0.007758790489395659,8,2
001_10_dimpler,001,no_region_weights,"Keeps eye/orbit exclusion and depth contours, but removes additional nasal/midface correspondence weights.",${PAPERFIT_ROOT}/research_rigid_upright_hardgate_allpairs_mergedpass_20260622/001_10_dimpler/001_10_dimpler_similarity_icp_regframe.obj,${PAPERFIT_ROOT}/prepared_001_020_cv/pairs/001_18_eye_closed/mesh.ply,30911,30911,7125,7125,0.0,0.0,0.004229728242141149,0.007813985493652559,0.024735339462047392,0.007315518469878442,0.007233009523777672,0.006197734884134127,0.024664646158100677,0.020333036149267,0.01820067004459462,0.009979289418864263,0.009119932380976551,0.034873191122610885,0.02590956098264316,0.010458395268157544,0.005603538384114341,16,2
002_1_neutral,002,proposed_S8,"Eye/orbit exclusion, nasal depth-contour staging, and nasal/midface weights.",${PAPERFIT_ROOT}/research_rigid_upright_hardgate_allpairs_mergedpass_20260622/002_1_neutral/002_1_neutral_similarity_icp_regframe.obj,${PAPERFIT_ROOT}/prepared_001_020_cv/pairs/002_18_eye_closed/mesh.ply,32200,32200,5319,5319,0.0,0.0,0.004175843074071279,0.006208308352119516,0.022876796886168664,0.010488785437093568,0.009296593257070683,0.007054193786583151,0.022328213333442207,0.016948147919313206,0.013362094105928032,0.00568863721906869,0.00487557230952175,0.026861193254441317,0.011081312648146175,0.008595977355887052,0.0033929208688464898,16,2
002_1_neutral,002,no_eye_exclusion,Allows eyes-open source eye/orbit vertices to participate in fitting.,${PAPERFIT_ROOT}/research_rigid_upright_hardgate_allpairs_mergedpass_20260622/002_1_neutral/002_1_neutral_similarity_icp_regframe.obj,${PAPERFIT_ROOT}/prepared_001_020_cv/pairs/002_18_eye_closed/mesh.ply,35709,32200,5319,0,0.0,0.0,0.008582665292503676,0.012313285005444501,0.02440277073961399,0.010488785437093568,0.010102908158659041,0.007204236134591369,0.022328213333442207,0.01901095867844971,0.013362094105928032,0.004948338564317115,0.004368901550863375,0.026861193254441317,0.010425403120215213,0.008595977355887052,0.0035481910077307145,16,2
002_1_neutral,002,no_nasal_depth_contours,"Keeps eye/orbit exclusion and local anatomical regions, but removes depth-ordered nasal contour staging.",${PAPERFIT_ROOT}/research_rigid_upright_hardgate_allpairs_mergedpass_20260622/002_1_neutral/002_1_neutral_similarity_icp_regframe.obj,${PAPERFIT_ROOT}/prepared_001_020_cv/pairs/002_18_eye_closed/mesh.ply,32200,32200,5319,5319,0.0,0.0,0.0033753875513650726,0.0058046326889250165,0.01551440150116137,0.010488785437093568,0.01059451038171114,0.007793136194197978,0.022328213333442207,0.016908887755029463,0.013362094105928032,0.00804505031929079,0.006674517012633055,0.026861193254441317,0.015416299847544336,0.008595977355887052,0.005484754110543649,8,2
002_1_neutral,002,no_region_weights,"Keeps eye/orbit exclusion and depth contours, but removes additional nasal/midface correspondence weights.",${PAPERFIT_ROOT}/research_rigid_upright_hardgate_allpairs_mergedpass_20260622/002_1_neutral/002_1_neutral_similarity_icp_regframe.obj,${PAPERFIT_ROOT}/prepared_001_020_cv/pairs/002_18_eye_closed/mesh.ply,32200,32200,5319,5319,0.0,0.0,0.004169069784279513,0.006209535133822353,0.02267010266771272,0.010488785437093568,0.009302557124095192,0.007076439229491099,0.022328213333442207,0.01696783451540686,0.013362094105928032,0.005707982764670666,0.005059888943038675,0.026861193254441317,0.011571701605717563,0.008595977355887052,0.003421963785327324,16,2
002_10_dimpler,002,proposed_S8,"Eye/orbit exclusion, nasal depth-contour staging, and nasal/midface weights.",${PAPERFIT_ROOT}/research_rigid_upright_hardgate_allpairs_mergedpass_20260622/002_10_dimpler/002_10_dimpler_similarity_icp_regframe.obj,${PAPERFIT_ROOT}/prepared_001_020_cv/pairs/002_18_eye_closed/mesh.ply,32130,32130,5423,5423,0.0,0.0,0.003381582369492549,0.006624633899361813,0.01670086008555842,0.009043001941797609,0.007715555940585041,0.0060217924853161724,0.02332993314776423,0.017554441317379602,0.009522276269967635,0.0048900253167139685,0.004233769416701191,0.018849868455511523,0.008587325751546443,0.0073688917397751056,0.003344134101270045,16,2
002_10_dimpler,002,no_eye_exclusion,Allows eyes-open source eye/orbit vertices to participate in fitting.,${PAPERFIT_ROOT}/research_rigid_upright_hardgate_allpairs_mergedpass_20260622/002_10_dimpler/002_10_dimpler_similarity_icp_regframe.obj,${PAPERFIT_ROOT}/prepared_001_020_cv/pairs/002_18_eye_closed/mesh.ply,35709,32130,5423,0,0.0,0.0,0.005094631290366508,0.007492485684876069,0.01623570130699781,0.009043001941797609,0.00719187144469333,0.0055023469546541665,0.02332993314776423,0.01817034406968527,0.009522276269967635,0.00470098970226177,0.004121810349079898,0.018849868455511523,0.008721038510750973,0.0073688917397751056,0.0033011985376849287,16,2
002_10_dimpler,002,no_nasal_depth_contours,"Keeps eye/orbit exclusion and local anatomical regions, but removes depth-ordered nasal contour staging.",${PAPERFIT_ROOT}/research_rigid_upright_hardgate_allpairs_mergedpass_20260622/002_10_dimpler/002_10_dimpler_similarity_icp_regframe.obj,${PAPERFIT_ROOT}/prepared_001_020_cv/pairs/002_18_eye_closed/mesh.ply,32130,32130,5423,5423,0.0,0.0,0.0027070616242889237,0.005824871037012595,0.012485103372406808,0.009043001941797609,0.008657220940856407,0.0066921948920598525,0.02332993314776423,0.017827600440101225,0.009522276269967635,0.006155881621135504,0.005319727271514308,0.018849868455511523,0.010688658798059903,0.0073688917397751056,0.004970072331357605,8,2
002_10_dimpler,002,no_region_weights,"Keeps eye/orbit exclusion and depth contours, but removes additional nasal/midface correspondence weights.",${PAPERFIT_ROOT}/research_rigid_upright_hardgate_allpairs_mergedpass_20260622/002_10_dimpler/002_10_dimpler_similarity_icp_regframe.obj,${PAPERFIT_ROOT}/prepared_001_020_cv/pairs/002_18_eye_closed/mesh.ply,32130,32130,5423,5423,0.0,0.0,0.0033718637619329435,0.006597632174333022,0.016502223301757074,0.009043001941797609,0.00771866745471635,0.006040043594598326,0.02332993314776423,0.01756250428811559,0.009522276269967635,0.0048899401564242075,0.0044178797943058784,0.018849868455511523,0.008931108028532803,0.0073688917397751056,0.0033828808168967738,16,2
003_1_neutral,003,proposed_S8,"Eye/orbit exclusion, nasal depth-contour staging, and nasal/midface weights.",${PAPERFIT_ROOT}/research_rigid_upright_hardgate_allpairs_mergedpass_20260622/003_1_neutral/003_1_neutral_similarity_icp_regframe.obj,${PAPERFIT_ROOT}/prepared_001_020_cv/pairs/003_18_eye_closed/mesh.ply,33068,33068,3945,3945,0.0,0.0,0.004227388322388928,0.008338916454347228,0.021634671958196853,0.008550141759789309,0.007795098935774044,0.006656152833599079,0.02286937873924024,0.017768915046198763,0.01927707491541749,0.00819797753707533,0.007238382481215658,0.03369136736736992,0.017576613068309755,0.012894011725628455,0.005375039697455693,16,2
003_1_neutral,003,no_eye_exclusion,Allows eyes-open source eye/orbit vertices to participate in fitting.,${PAPERFIT_ROOT}/research_rigid_upright_hardgate_allpairs_mergedpass_20260622/003_1_neutral/003_1_neutral_similarity_icp_regframe.obj,${PAPERFIT_ROOT}/prepared_001_020_cv/pairs/003_18_eye_closed/mesh.ply,35709,33068,3945,0,0.0,0.0,0.008095857365511652,0.010900167906048095,0.02297176647238793,0.008550141759789309,0.008203403540228239,0.006731238927810026,0.02286937873924024,0.017213521904529346,0.01927707491541749,0.00794978367924071,0.007010200109843715,0.03369136736736992,0.015881226514625237,0.012894011725628455,0.005364026488840947,16,2
003_1_neutral,003,no_nasal_depth_contours,"Keeps eye/orbit exclusion and local anatomical regions, but removes depth-ordered nasal contour staging.",${PAPERFIT_ROOT}/research_rigid_upright_hardgate_allpairs_mergedpass_20260622/003_1_neutral/003_1_neutral_similarity_icp_regframe.obj,${PAPERFIT_ROOT}/prepared_001_020_cv/pairs/003_18_eye_closed/mesh.ply,33068,33068,3945,3945,0.0,0.0,0.0036485573287310417,0.006284084645438648,0.017001532335457495,0.008550141759789309,0.00837274097260196,0.007069691550230579,0.02286937873924024,0.01802345698106819,0.01927707491541749,0.01116700086931184,0.009185679399966673,0.03369136736736992,0.021454028174302246,0.012894011725628455,0.007767732942140482,8,2
003_1_neutral,003,no_region_weights,"Keeps eye/orbit exclusion and depth contours, but removes additional nasal/midface correspondence weights.",${PAPERFIT_ROOT}/research_rigid_upright_hardgate_allpairs_mergedpass_20260622/003_1_neutral/003_1_neutral_similarity_icp_regframe.obj,${PAPERFIT_ROOT}/prepared_001_020_cv/pairs/003_18_eye_closed/mesh.ply,33068,33068,3945,3945,0.0,0.0,0.004219465808165739,0.008348053430246678,0.021233367684376798,0.008550141759789309,0.007797546745627286,0.006678769361021372,0.02286937873924024,0.017821999126241193,0.01927707491541749,0.008253371279974088,0.007591145011511211,0.03369136736736992,0.017952105012470566,0.012894011725628455,0.005461732985733382,16,2
003_10_dimpler,003,proposed_S8,"Eye/orbit exclusion, nasal depth-contour staging, and nasal/midface weights.",${PAPERFIT_ROOT}/research_rigid_upright_hardgate_allpairs_mergedpass_20260622/003_10_dimpler/003_10_dimpler_similarity_icp_regframe.obj,${PAPERFIT_ROOT}/prepared_001_020_cv/pairs/003_18_eye_closed/mesh.ply,31947,31947,5574,5574,0.0,0.0,0.0030117899514179275,0.006941882152719534,0.01892985242902126,0.008808149102302074,0.007925915501765596,0.006925588054847216,0.03215783022352748,0.026124740030721745,0.01266266951356904,0.008875537578829818,0.007937486175928718,0.03657921351416962,0.024849606803294098,0.010322021739159306,0.005806654107373754,16,2
003_10_dimpler,003,no_eye_exclusion,Allows eyes-open source eye/orbit vertices to participate in fitting.,${PAPERFIT_ROOT}/research_rigid_upright_hardgate_allpairs_mergedpass_20260622/003_10_dimpler/003_10_dimpler_similarity_icp_regframe.obj,${PAPERFIT_ROOT}/prepared_001_020_cv/pairs/003_18_eye_closed/mesh.ply,35709,31947,5574,0,0.0,0.0,0.004750495164119743,0.008611475074577544,0.018644422081458,0.008808149102302074,0.008346150941304711,0.006974508335526381,0.03215783022352748,0.02514715895247582,0.01266266951356904,0.009037888116641043,0.0079345115663101,0.03657921351416962,0.02130800380420588,0.010322021739159306,0.006517757189059375,16,2
003_10_dimpler,003,no_nasal_depth_contours,"Keeps eye/orbit exclusion and local anatomical regions, but removes depth-ordered nasal contour staging.",${PAPERFIT_ROOT}/research_rigid_upright_hardgate_allpairs_mergedpass_20260622/003_10_dimpler/003_10_dimpler_similarity_icp_regframe.obj,${PAPERFIT_ROOT}/prepared_001_020_cv/pairs/003_18_eye_closed/mesh.ply,31947,31947,5574,5574,0.0,0.0,0.002951660437591284,0.007360809154325522,0.015515897123983184,0.008808149102302074,0.008825736237826797,0.007527746447900187,0.03215783022352748,0.025790965771618015,0.01266266951356904,0.00993423299431128,0.00882555441881812,0.03657921351416962,0.027039199605823582,0.010322021739159306,0.008610514433865464,8,2
003_10_dimpler,003,no_region_weights,"Keeps eye/orbit exclusion and depth contours, but removes additional nasal/midface correspondence weights.",${PAPERFIT_ROOT}/research_rigid_upright_hardgate_allpairs_mergedpass_20260622/003_10_dimpler/003_10_dimpler_similarity_icp_regframe.obj,${PAPERFIT_ROOT}/prepared_001_020_cv/pairs/003_18_eye_closed/mesh.ply,31947,31947,5574,5574,0.0,0.0,0.0029977606324778656,0.006915621702093531,0.018335315673416633,0.008808149102302074,0.00792747857048842,0.006941053243398408,0.03215783022352748,0.0261897433976934,0.01266266951356904,0.008969501942372123,0.008310599948499826,0.03657921351416962,0.02527201349172675,0.010322021739159306,0.005884270893524231,16,2
004_1_neutral,004,proposed_S8,"Eye/orbit exclusion, nasal depth-contour staging, and nasal/midface weights.",${PAPERFIT_ROOT}/research_rigid_upright_hardgate_allpairs_mergedpass_20260622/004_1_neutral/004_1_neutral_similarity_icp_regframe.obj,${PAPERFIT_ROOT}/prepared_001_020_cv/pairs/004_18_eye_closed/mesh.ply,31369,31369,6499,6499,0.0,0.0,0.011156402121123357,0.02433016664775216,0.036616477040187244,0.01949553623750493,0.017519738845720865,0.014460236083834276,0.06292861969866792,0.0544558072072222,0.03035255211316589,0.018862613866617327,0.01596911802617002,0.06904745435743168,0.05198053400868992,0.03022509779371052,0.011722845245651694,16,2
004_1_neutral,004,no_eye_exclusion,Allows eyes-open source eye/orbit vertices to participate in fitting.,${PAPERFIT_ROOT}/research_rigid_upright_hardgate_allpairs_mergedpass_20260622/004_1_neutral/004_1_neutral_similarity_icp_regframe.obj,${PAPERFIT_ROOT}/prepared_001_020_cv/pairs/004_18_eye_closed/mesh.ply,35709,31369,6499,0,0.0,0.0,0.017851569059719997,0.028300024139534887,0.039876051651823445,0.01949553623750493,0.019291460299442877,0.01551613115404936,0.06292861969866792,0.0539024907257385,0.03035255211316589,0.020033857484567145,0.016609720323203635,0.06904745435743168,0.04401005087892944,0.03022509779371052,0.013521266640279696,16,2
004_1_neutral,004,no_nasal_depth_contours,"Keeps eye/orbit exclusion and local anatomical regions, but removes depth-ordered nasal contour staging.",${PAPERFIT_ROOT}/research_rigid_upright_hardgate_allpairs_mergedpass_20260622/004_1_neutral/004_1_neutral_similarity_icp_regframe.obj,${PAPERFIT_ROOT}/prepared_001_020_cv/pairs/004_18_eye_closed/mesh.ply,31369,31369,6499,6499,0.0,0.0,0.005904873027322671,0.013333651991037023,0.028161205061026772,0.01949553623750493,0.01925689028180719,0.015856835327645074,0.06292861969866792,0.054360519416158694,0.03035255211316589,0.02307513022972063,0.019874473442006525,0.06904745435743168,0.05488318263107321,0.03022509779371052,0.02400470385218811,8,2
004_1_neutral,004,no_region_weights,"Keeps eye/orbit exclusion and depth contours, but removes additional nasal/midface correspondence weights.",${PAPERFIT_ROOT}/research_rigid_upright_hardgate_allpairs_mergedpass_20260622/004_1_neutral/004_1_neutral_similarity_icp_regframe.obj,${PAPERFIT_ROOT}/prepared_001_020_cv/pairs/004_18_eye_closed/mesh.ply,31369,31369,6499,6499,0.0,0.0,0.011117315970142537,0.02428467884564453,0.03661114624675304,0.01949553623750493,0.017534509315741444,0.014500407816389116,0.06292861969866792,0.05460408790562893,0.03035255211316589,0.019000613999227325,0.01657635261206608,0.06904745435743168,0.05237509226710476,0.03022509779371052,0.012010338617922283,16,2
004_10_dimpler,004,proposed_S8,"Eye/orbit exclusion, nasal depth-contour staging, and nasal/midface weights.",${PAPERFIT_ROOT}/research_rigid_upright_hardgate_allpairs_mergedpass_20260622/004_10_dimpler/004_10_dimpler_similarity_icp_regframe.obj,${PAPERFIT_ROOT}/prepared_001_020_cv/pairs/004_18_eye_closed/mesh.ply,31407,31407,6534,6534,0.0,0.0,0.009765289460212209,0.019928145526950283,0.03420278607222386,0.016791321969768912,0.01484964463984097,0.012321811603844652,0.049076098198018274,0.044384932602700405,0.0249579757675144,0.01531588154837719,0.013049982890568457,0.05607897699560178,0.040390055512641465,0.023012785908437597,0.009431964573665333,16,2
004_10_dimpler,004,no_eye_exclusion,Allows eyes-open source eye/orbit vertices to participate in fitting.,${PAPERFIT_ROOT}/research_rigid_upright_hardgate_allpairs_mergedpass_20260622/004_10_dimpler/004_10_dimpler_similarity_icp_regframe.obj,${PAPERFIT_ROOT}/prepared_001_020_cv/pairs/004_18_eye_closed/mesh.ply,35709,31407,6534,0,0.0,0.0,0.015580938030998663,0.023754827275325033,0.03682428178863989,0.016791321969768912,0.0157022969311101,0.012573304044280765,0.049076098198018274,0.04428842786006877,0.0249579757675144,0.01644008707190312,0.013516300410892908,0.05607897699560178,0.03366156868910622,0.023012785908437597,0.010691231857433328,16,2
004_10_dimpler,004,no_nasal_depth_contours,"Keeps eye/orbit exclusion and local anatomical regions, but removes depth-ordered nasal contour staging.",${PAPERFIT_ROOT}/research_rigid_upright_hardgate_allpairs_mergedpass_20260622/004_10_dimpler/004_10_dimpler_similarity_icp_regframe.obj,${PAPERFIT_ROOT}/prepared_001_020_cv/pairs/004_18_eye_closed/mesh.ply,31407,31407,6534,6534,0.0,0.0,0.004545641934580442,0.008242921357824284,0.026707843230992852,0.016791321969768912,0.01662818281519869,0.013606034818378349,0.049076098198018274,0.04303578612185187,0.0249579757675144,0.01892944679268002,0.016380812342143482,0.05607897699560178,0.044186671721223425,0.023012785908437597,0.016874381925070285,8,2
004_10_dimpler,004,no_region_weights,"Keeps eye/orbit exclusion and depth contours, but removes additional nasal/midface correspondence weights.",${PAPERFIT_ROOT}/research_rigid_upright_hardgate_allpairs_mergedpass_20260622/004_10_dimpler/004_10_dimpler_similarity_icp_regframe.obj,${PAPERFIT_ROOT}/prepared_001_020_cv/pairs/004_18_eye_closed/mesh.ply,31407,31407,6534,6534,0.0,0.0,0.009719543954423175,0.019865655163963745,0.03407692897542943,0.016791321969768912,0.014849376303351735,0.012370639197596713,0.049076098198018274,0.044418987183463474,0.0249579757675144,0.015481652546817073,0.01360486983750837,0.05607897699560178,0.04077173529249696,0.023012785908437597,0.009660764539413039,16,2
005_1_neutral,005,proposed_S8,"Eye/orbit exclusion, nasal depth-contour staging, and nasal/midface weights.",${PAPERFIT_ROOT}/research_rigid_upright_hardgate_allpairs_mergedpass_20260622/005_1_neutral/005_1_neutral_similarity_icp_regframe.obj,${PAPERFIT_ROOT}/prepared_001_020_cv/pairs/005_18_eye_closed/mesh.ply,32664,32664,4608,4608,0.0,0.0,0.006785291893470285,0.014370051256198578,0.03450254087779397,0.0075147896237993585,0.00804730152561402,0.006286951226247528,0.02641536371634006,0.017503135360966548,0.019302578957246318,0.006502458272798814,0.0052952900690530465,0.04102657134841242,0.014483366283061013,0.01309991039780815,0.004475855971674955,16,2
005_1_neutral,005,no_eye_exclusion,Allows eyes-open source eye/orbit vertices to participate in fitting.,${PAPERFIT_ROOT}/research_rigid_upright_hardgate_allpairs_mergedpass_20260622/005_1_neutral/005_1_neutral_similarity_icp_regframe.obj,${PAPERFIT_ROOT}/prepared_001_020_cv/pairs/005_18_eye_closed/mesh.ply,35709,32664,4608,0,0.0,0.0,0.010216175768958875,0.017425554757591208,0.03462407849681245,0.0075147896237993585,0.008602757712826793,0.006498955043268992,0.02641536371634006,0.015465915982637406,0.019302578957246318,0.007087996136901725,0.005521476337016311,0.04102657134841242,0.013874929776364394,0.01309991039780815,0.005260081878053586,16,2
005_1_neutral,005,no_nasal_depth_contours,"Keeps eye/orbit exclusion and local anatomical regions, but removes depth-ordered nasal contour staging.",${PAPERFIT_ROOT}/research_rigid_upright_hardgate_allpairs_mergedpass_20260622/005_1_neutral/005_1_neutral_similarity_icp_regframe.obj,${PAPERFIT_ROOT}/prepared_001_020_cv/pairs/005_18_eye_closed/mesh.ply,32664,32664,4608,4608,0.0,0.0,0.004118817941802811,0.00783588502777744,0.027776510784191015,0.0075147896237993585,0.007472459460500419,0.006000634780909982,0.02641536371634006,0.019800871780140648,0.019302578957246318,0.010671981613677889,0.008096336027024524,0.04102657134841242,0.019767971959262068,0.01309991039780815,0.007882844988288432,8,2
005_1_neutral,005,no_region_weights,"Keeps eye/orbit exclusion and depth contours, but removes additional nasal/midface correspondence weights.",${PAPERFIT_ROOT}/research_rigid_upright_hardgate_allpairs_mergedpass_20260622/005_1_neutral/005_1_neutral_similarity_icp_regframe.obj,${PAPERFIT_ROOT}/prepared_001_020_cv/pairs/005_18_eye_closed/mesh.ply,32664,32664,4608,4608,0.0,0.0,0.0067960153175344136,0.01442146906830763,0.03355955961548359,0.0075147896237993585,0.008054575347993444,0.006309662334245141,0.02641536371634006,0.017574776412111217,0.019302578957246318,0.0065793517943301995,0.005554704771165265,0.04102657134841242,0.015269916593216953,0.01309991039780815,0.004541661297595949,16,2
005_10_dimpler,005,proposed_S8,"Eye/orbit exclusion, nasal depth-contour staging, and nasal/midface weights.",${PAPERFIT_ROOT}/research_rigid_upright_hardgate_allpairs_mergedpass_20260622/005_10_dimpler/005_10_dimpler_similarity_icp_regframe.obj,${PAPERFIT_ROOT}/prepared_001_020_cv/pairs/005_18_eye_closed/mesh.ply,32586,32586,4737,4737,0.0,0.0,0.00706258037755499,0.015361538547926979,0.03197242616322636,0.006899821251559274,0.0081125467553965,0.0063598717900906696,0.022780551419500736,0.015992891758828245,0.019273095042688267,0.0071476627741688965,0.005840206926996085,0.0481316126492233,0.02294218520340953,0.013314337391870133,0.004537627597420322,16,2
005_10_dimpler,005,no_eye_exclusion,Allows eyes-open source eye/orbit vertices to participate in fitting.,${PAPERFIT_ROOT}/research_rigid_upright_hardgate_allpairs_mergedpass_20260622/005_10_dimpler/005_10_dimpler_similarity_icp_regframe.obj,${PAPERFIT_ROOT}/prepared_001_020_cv/pairs/005_18_eye_closed/mesh.ply,35709,32586,4737,0,0.0,0.0,0.010548106074894783,0.019182591971023736,0.033378598167372375,0.006899821251559274,0.009727886365657825,0.007216933486550149,0.022780551419500736,0.015650835522241578,0.019273095042688267,0.00730100652309716,0.005882231776345014,0.0481316126492233,0.023207916629099254,0.013314337391870133,0.004725734099241717,16,2
005_10_dimpler,005,no_nasal_depth_contours,"Keeps eye/orbit exclusion and local anatomical regions, but removes depth-ordered nasal contour staging.",${PAPERFIT_ROOT}/research_rigid_upright_hardgate_allpairs_mergedpass_20260622/005_10_dimpler/005_10_dimpler_similarity_icp_regframe.obj,${PAPERFIT_ROOT}/prepared_001_020_cv/pairs/005_18_eye_closed/mesh.ply,32586,32586,4737,4737,0.0,0.0,0.0033386245428703664,0.00609293448019262,0.02283741906820056,0.006899821251559274,0.006849701956125732,0.0056366223074238485,0.022780551419500736,0.017592873029418254,0.019273095042688267,0.010650433429311396,0.0084596938909026,0.0481316126492233,0.029353948562907108,0.013314337391870133,0.008169167899415455,8,2
005_10_dimpler,005,no_region_weights,"Keeps eye/orbit exclusion and depth contours, but removes additional nasal/midface correspondence weights.",${PAPERFIT_ROOT}/research_rigid_upright_hardgate_allpairs_mergedpass_20260622/005_10_dimpler/005_10_dimpler_similarity_icp_regframe.obj,${PAPERFIT_ROOT}/prepared_001_020_cv/pairs/005_18_eye_closed/mesh.ply,32586,32586,4737,4737,0.0,0.0,0.007069182968648591,0.01537255820383411,0.031973651551438644,0.006899821251559274,0.008125077705201905,0.006389263017085674,0.022780551419500736,0.016021760021902618,0.019273095042688267,0.0072455396642177265,0.006137429654978152,0.0481316126492233,0.023699715669312026,0.013314337391870133,0.004643878767816296,16,2
006_1_neutral,006,proposed_S8,"Eye/orbit exclusion, nasal depth-contour staging, and nasal/midface weights.",${PAPERFIT_ROOT}/research_rigid_upright_hardgate_allpairs_mergedpass_20260622/006_1_neutral/006_1_neutral_similarity_icp_regframe.obj,${PAPERFIT_ROOT}/prepared_001_020_cv/pairs/006_18_eye_closed/mesh.ply,31618,31618,6132,6132,0.0,0.0,0.004961548802734687,0.010931494256375341,0.027212964040446756,0.016966006539803888,0.01585685145311473,0.013149993940149096,0.050933339280283645,0.048370741206316785,0.015752065881497704,0.010155771776614218,0.008762924141952202,0.04658170544797477,0.03276172848456786,0.016757265156874673,0.007694264853700549,16,2
006_1_neutral,006,no_eye_exclusion,Allows eyes-open source eye/orbit vertices to participate in fitting.,${PAPERFIT_ROOT}/research_rigid_upright_hardgate_allpairs_mergedpass_20260622/006_1_neutral/006_1_neutral_similarity_icp_regframe.obj,${PAPERFIT_ROOT}/prepared_001_020_cv/pairs/006_18_eye_closed/mesh.ply,35709,31618,6132,0,0.0,0.0,0.00824894978061492,0.014020738761227542,0.029300747024060398,0.016966006539803888,0.016775799971628924,0.01363648932694736,0.050933339280283645,0.04898112295698245,0.015752065881497704,0.010721230580656238,0.008990795884148564,0.04658170544797477,0.03308402539235291,0.016757265156874673,0.007893015996567627,16,2
006_1_neutral,006,no_nasal_depth_contours,"Keeps eye/orbit exclusion and local anatomical regions, but removes depth-ordered nasal contour staging.",${PAPERFIT_ROOT}/research_rigid_upright_hardgate_allpairs_mergedpass_20260622/006_1_neutral/006_1_neutral_similarity_icp_regframe.obj,${PAPERFIT_ROOT}/prepared_001_020_cv/pairs/006_18_eye_closed/mesh.ply,31618,31618,6132,6132,0.0,0.0,0.0032289861837350078,0.005617759742702073,0.01950263720823138,0.016966006539803888,0.016643447287940545,0.014055148488279674,0.050933339280283645,0.046978936055663036,0.015752065881497704,0.012763085089470586,0.010699670830019683,0.04658170544797477,0.032077041215628065,0.016757265156874673,0.012909165763600518,8,2
006_1_neutral,006,no_region_weights,"Keeps eye/orbit exclusion and depth contours, but removes additional nasal/midface correspondence weights.",${PAPERFIT_ROOT}/research_rigid_upright_hardgate_allpairs_mergedpass_20260622/006_1_neutral/006_1_neutral_similarity_icp_regframe.obj,${PAPERFIT_ROOT}/prepared_001_020_cv/pairs/006_18_eye_closed/mesh.ply,31618,31618,6132,6132,0.0,0.0,0.004927860817360476,0.010849722026139035,0.026513358617964028,0.016966006539803888,0.01586773336068429,0.013192168694305376,0.050933339280283645,0.04840063032927376,0.015752065881497704,0.010355052639163658,0.009249452506943768,0.04658170544797477,0.03323850119487033,0.016757265156874673,0.0080148812585046,16,2
006_10_dimpler,006,proposed_S8,"Eye/orbit exclusion, nasal depth-contour staging, and nasal/midface weights.",${PAPERFIT_ROOT}/research_rigid_upright_hardgate_allpairs_mergedpass_20260622/006_10_dimpler/006_10_dimpler_similarity_icp_regframe.obj,${PAPERFIT_ROOT}/prepared_001_020_cv/pairs/006_18_eye_closed/mesh.ply,31532,31532,6241,6241,0.0,0.0,0.004794606565383785,0.010860081027825572,0.03042981597854661,0.019193231395079204,0.017291542324753606,0.014608582649348691,0.059001428668369514,0.05613275747842207,0.013944752128565548,0.008526014672789904,0.0076525874240801674,0.05297720425157421,0.037905478088855235,0.016547048324268843,0.007466696733193822,16,2
006_10_dimpler,006,no_eye_exclusion,Allows eyes-open source eye/orbit vertices to participate in fitting.,${PAPERFIT_ROOT}/research_rigid_upright_hardgate_allpairs_mergedpass_20260622/006_10_dimpler/006_10_dimpler_similarity_icp_regframe.obj,${PAPERFIT_ROOT}/prepared_001_020_cv/pairs/006_18_eye_closed/mesh.ply,35709,31532,6241,0,0.0,0.0,0.0067801590346609295,0.012384696525640951,0.03086726796177822,0.019193231395079204,0.01752891355584626,0.014384088266279644,0.059001428668369514,0.05595508394375896,0.013944752128565548,0.008302146676511234,0.007424174543908219,0.05297720425157421,0.042150530573125754,0.016547048324268843,0.007285189657611026,16,2
006_10_dimpler,006,no_nasal_depth_contours,"Keeps eye/orbit exclusion and local anatomical regions, but removes depth-ordered nasal contour staging.",${PAPERFIT_ROOT}/research_rigid_upright_hardgate_allpairs_mergedpass_20260622/006_10_dimpler/006_10_dimpler_similarity_icp_regframe.obj,${PAPERFIT_ROOT}/prepared_001_020_cv/pairs/006_18_eye_closed/mesh.ply,31532,31532,6241,6241,0.0,0.0,0.0029437550737249044,0.005827537768432459,0.018950687468871498,0.019193231395079204,0.018873955157577317,0.01603669050627766,0.059001428668369514,0.053639945900677485,0.013944752128565548,0.010380385576264653,0.008967903506300435,0.05297720425157421,0.038104847873643585,0.016547048324268843,0.013093836020361897,8,2
006_10_dimpler,006,no_region_weights,"Keeps eye/orbit exclusion and depth contours, but removes additional nasal/midface correspondence weights.",${PAPERFIT_ROOT}/research_rigid_upright_hardgate_allpairs_mergedpass_20260622/006_10_dimpler/006_10_dimpler_similarity_icp_regframe.obj,${PAPERFIT_ROOT}/prepared_001_020_cv/pairs/006_18_eye_closed/mesh.ply,31532,31532,6241,6241,0.0,0.0,0.004759496203044042,0.010722248049976691,0.029704765830024855,0.019193231395079204,0.017296600390896255,0.014637733287062749,0.059001428668369514,0.05614325009218894,0.013944752128565548,0.008629837409325833,0.00803213453359202,0.05297720425157421,0.03870234563185081,0.016547048324268843,0.007658511592851726,16,2
007_11_chin_raiser,007,proposed_S8,"Eye/orbit exclusion, nasal depth-contour staging, and nasal/midface weights.",${PAPERFIT_ROOT}/research_rigid_upright_hardgate_allpairs_mergedpass_20260622/007_11_chin_raiser/007_11_chin_raiser_similarity_icp_regframe.obj,${PAPERFIT_ROOT}/prepared_001_020_cv/pairs/007_18_eye_closed/mesh.ply,32181,32181,5134,5134,0.0,0.0,0.011643778091217402,0.023611091541839904,0.03883229898079967,0.024269931073529868,0.02341037525945362,0.019662687997304126,0.07368013999434442,0.07099457726617986,0.019193210814041038,0.012994958118271933,0.01094645072883191,0.05867726155173229,0.03765655099128594,0.023186051093181916,0.008430720898877125,16,2
007_11_chin_raiser,007,no_eye_exclusion,Allows eyes-open source eye/orbit vertices to participate in fitting.,${PAPERFIT_ROOT}/research_rigid_upright_hardgate_allpairs_mergedpass_20260622/007_11_chin_raiser/007_11_chin_raiser_similarity_icp_regframe.obj,${PAPERFIT_ROOT}/prepared_001_020_cv/pairs/007_18_eye_closed/mesh.ply,35709,32181,5134,0,0.0,0.0,0.01917083087734948,0.03039908784849517,0.044765816838296696,0.024269931073529868,0.025866188383521917,0.021454849623549016,0.07368013999434442,0.07267995502989012,0.019193210814041038,0.015370322469538383,0.012641254209565113,0.05867726155173229,0.035234190121299754,0.023186051093181916,0.010863535940316535,16,2
007_11_chin_raiser,007,no_nasal_depth_contours,"Keeps eye/orbit exclusion and local anatomical regions, but removes depth-ordered nasal contour staging.",${PAPERFIT_ROOT}/research_rigid_upright_hardgate_allpairs_mergedpass_20260622/007_11_chin_raiser/007_11_chin_raiser_similarity_icp_regframe.obj,${PAPERFIT_ROOT}/prepared_001_020_cv/pairs/007_18_eye_closed/mesh.ply,32181,32181,5134,5134,0.0,0.0,0.005775316793788273,0.012222872878054122,0.025876693724497694,0.024269931073529868,0.023516651215407573,0.020010382273162163,0.07368013999434442,0.06864281388142263,0.019193210814041038,0.01574891722492613,0.013174751792057756,0.05867726155173229,0.03937030496509083,0.023186051093181916,0.016828052104798517,8,2
007_11_chin_raiser,007,no_region_weights,"Keeps eye/orbit exclusion and depth contours, but removes additional nasal/midface correspondence weights.",${PAPERFIT_ROOT}/research_rigid_upright_hardgate_allpairs_mergedpass_20260622/007_11_chin_raiser/007_11_chin_raiser_similarity_icp_regframe.obj,${PAPERFIT_ROOT}/prepared_001_020_cv/pairs/007_18_eye_closed/mesh.ply,32181,32181,5134,5134,0.0,0.0,0.011595545616192629,0.023544733577794595,0.038715683040334396,0.024269931073529868,0.02341990009929126,0.019694601866659615,0.07368013999434442,0.0709699514587148,0.019193210814041038,0.013128054607955573,0.011505155189149067,0.05867726155173229,0.038257359819547546,0.023186051093181916,0.008703082909761382,16,2
007_14_sadness,007,proposed_S8,"Eye/orbit exclusion, nasal depth-contour staging, and nasal/midface weights.",${PAPERFIT_ROOT}/research_rigid_upright_hardgate_allpairs_mergedpass_20260622/007_14_sadness/007_14_sadness_similarity_icp_regframe.obj,${PAPERFIT_ROOT}/prepared_001_020_cv/pairs/007_18_eye_closed/mesh.ply,32717,32717,4519,4519,0.0,0.0,0.012518273779096116,0.02474900854987689,0.03996417153987726,0.024645570555633677,0.02487710444117884,0.02091413124286751,0.07243564236015534,0.0702623310076817,0.02008540815587069,0.013768947274475102,0.01155977064895121,0.06579422906464716,0.0410183694118031,0.02293736325834921,0.00865667553469321,16,2
007_14_sadness,007,no_eye_exclusion,Allows eyes-open source eye/orbit vertices to participate in fitting.,${PAPERFIT_ROOT}/research_rigid_upright_hardgate_allpairs_mergedpass_20260622/007_14_sadness/007_14_sadness_similarity_icp_regframe.obj,${PAPERFIT_ROOT}/prepared_001_020_cv/pairs/007_18_eye_closed/mesh.ply,35709,32717,4519,0,0.0,0.0,0.020118753339798574,0.031453480675526016,0.04566217330018237,0.024645570555633677,0.026736998109363166,0.022223103601088586,0.07243564236015534,0.0712382918570679,0.02008540815587069,0.016254615338770307,0.013327823307884266,0.06579422906464716,0.03853355902497506,0.02293736325834921,0.01108672466089373,16,2
007_14_sadness,007,no_nasal_depth_contours,"Keeps eye/orbit exclusion and local anatomical regions, but removes depth-ordered nasal contour staging.",${PAPERFIT_ROOT}/research_rigid_upright_hardgate_allpairs_mergedpass_20260622/007_14_sadness/007_14_sadness_similarity_icp_regframe.obj,${PAPERFIT_ROOT}/prepared_001_020_cv/pairs/007_18_eye_closed/mesh.ply,32717,32717,4519,4519,0.0,0.0,0.006114797244895047,0.012346150211346616,0.02654672834851842,0.024645570555633677,0.024022308633359166,0.020472166324530493,0.07243564236015534,0.06712096740207858,0.02008540815587069,0.016532742461838466,0.014093665641074955,0.06579422906464716,0.043597666885714634,0.02293736325834921,0.016574801139999592,8,2
007_14_sadness,007,no_region_weights,"Keeps eye/orbit exclusion and depth contours, but removes additional nasal/midface correspondence weights.",${PAPERFIT_ROOT}/research_rigid_upright_hardgate_allpairs_mergedpass_20260622/007_14_sadness/007_14_sadness_similarity_icp_regframe.obj,${PAPERFIT_ROOT}/prepared_001_020_cv/pairs/007_18_eye_closed/mesh.ply,32717,32717,4519,4519,0.0,0.0,0.012466198419537102,0.02469026663194639,0.03981509165121531,0.024645570555633677,0.02487230865416613,0.02094840176929476,0.07243564236015534,0.07024900274643961,0.02008540815587069,0.01389154191817931,0.012070460594595314,0.06579422906464716,0.04208475173662529,0.02293736325834921,0.008900027289091476,16,2
008_1_neutral,008,proposed_S8,"Eye/orbit exclusion, nasal depth-contour staging, and nasal/midface weights.",${PAPERFIT_ROOT}/research_rigid_upright_hardgate_allpairs_mergedpass_20260622/008_1_neutral/008_1_neutral_similarity_icp_regframe.obj,${PAPERFIT_ROOT}/prepared_001_020_cv/pairs/008_18_eye_closed/mesh.ply,31419,31419,6398,6398,0.0,0.0,0.006640236379140673,0.014815893529246994,0.02969874764385743,0.010185873673943502,0.009171742866377388,0.007404664061244232,0.030950169339676693,0.020585072187184954,0.028426537168898747,0.014383326621159287,0.012490795421867264,0.05472603101361015,0.043529326347783275,0.023327064292694,0.006825747427585634,16,2
008_1_neutral,008,no_eye_exclusion,Allows eyes-open source eye/orbit vertices to participate in fitting.,${PAPERFIT_ROOT}/research_rigid_upright_hardgate_allpairs_mergedpass_20260622/008_1_neutral/008_1_neutral_similarity_icp_regframe.obj,${PAPERFIT_ROOT}/prepared_001_020_cv/pairs/008_18_eye_closed/mesh.ply,35709,31419,6398,0,0.0,0.0,0.018159520477663327,0.022120813413878875,0.03606665473766292,0.010185873673943502,0.012485389750427383,0.009330439929078267,0.030950169339676693,0.025181703730532714,0.028426537168898747,0.011202672774378322,0.009565864094563023,0.05472603101361015,0.026049925042416617,0.023327064292694,0.0073533628678122435,16,2
008_1_neutral,008,no_nasal_depth_contours,"Keeps eye/orbit exclusion and local anatomical regions, but removes depth-ordered nasal contour staging.",${PAPERFIT_ROOT}/research_rigid_upright_hardgate_allpairs_mergedpass_20260622/008_1_neutral/008_1_neutral_similarity_icp_regframe.obj,${PAPERFIT_ROOT}/prepared_001_020_cv/pairs/008_18_eye_closed/mesh.ply,31419,31419,6398,6398,0.0,0.0,0.0048910725596546965,0.010797527255773784,0.018100300186171207,0.010185873673943502,0.010448710993125014,0.00825502218324389,0.030950169339676693,0.02353523917756725,0.028426537168898747,0.021117987146016065,0.018034717020384214,0.05472603101361015,0.04599114593326237,0.023327064292694,0.014305675302620013,8,2
008_1_neutral,008,no_region_weights,"Keeps eye/orbit exclusion and depth contours, but removes additional nasal/midface correspondence weights.",${PAPERFIT_ROOT}/research_rigid_upright_hardgate_allpairs_mergedpass_20260622/008_1_neutral/008_1_neutral_similarity_icp_regframe.obj,${PAPERFIT_ROOT}/prepared_001_020_cv/pairs/008_18_eye_closed/mesh.ply,31419,31419,6398,6398,0.0,0.0,0.006617187302109378,0.014784644916404209,0.029630885858659094,0.010185873673943502,0.009184593162366616,0.007421485056565918,0.030950169339676693,0.020644329147231032,0.028426537168898747,0.01458282552730873,0.013218033121588058,0.05472603101361015,0.043959772827763165,0.023327064292694,0.006941652718545533,16,2
008_10_dimpler,008,proposed_S8,"Eye/orbit exclusion, nasal depth-contour staging, and nasal/midface weights.",${PAPERFIT_ROOT}/research_rigid_upright_hardgate_allpairs_mergedpass_20260622/008_10_dimpler/008_10_dimpler_similarity_icp_regframe.obj,${PAPERFIT_ROOT}/prepared_001_020_cv/pairs/008_18_eye_closed/mesh.ply,31518,31518,6246,6246,0.0,0.0,0.006160324517725921,0.012201904649973028,0.02906128099721925,0.009779949043387033,0.009442978015718077,0.007563334228635441,0.029358798172019432,0.01872587363704615,0.026208491501699505,0.01142930375818062,0.00985558891523205,0.045531513067264565,0.03792708490197267,0.02406913779878566,0.00720029740202982,16,2
008_10_dimpler,008,no_eye_exclusion,Allows eyes-open source eye/orbit vertices to participate in fitting.,${PAPERFIT_ROOT}/research_rigid_upright_hardgate_allpairs_mergedpass_20260622/008_10_dimpler/008_10_dimpler_similarity_icp_regframe.obj,${PAPERFIT_ROOT}/prepared_001_020_cv/pairs/008_18_eye_closed/mesh.ply,35709,31518,6246,0,0.0,0.0,0.014681298361797004,0.019346565321085443,0.031016873825408516,0.009779949043387033,0.010884673788439617,0.008380275027867232,0.029358798172019432,0.021841038865707752,0.026208491501699505,0.009580167421950277,0.008263855924775156,0.045531513067264565,0.020373655212052068,0.02406913779878566,0.005728069880937533,16,2
008_10_dimpler,008,no_nasal_depth_contours,"Keeps eye/orbit exclusion and local anatomical regions, but removes depth-ordered nasal contour staging.",${PAPERFIT_ROOT}/research_rigid_upright_hardgate_allpairs_mergedpass_20260622/008_10_dimpler/008_10_dimpler_similarity_icp_regframe.obj,${PAPERFIT_ROOT}/prepared_001_020_cv/pairs/008_18_eye_closed/mesh.ply,31518,31518,6246,6246,0.0,0.0,0.004421251795488322,0.00838458908679767,0.01704248966560387,0.009779949043387033,0.010103960837623379,0.008047241545141677,0.029358798172019432,0.022657399814129037,0.026208491501699505,0.017565149498814474,0.014841139626144521,0.045531513067264565,0.039332054405820334,0.02406913779878566,0.014530647709618347,8,2
008_10_dimpler,008,no_region_weights,"Keeps eye/orbit exclusion and depth contours, but removes additional nasal/midface correspondence weights.",${PAPERFIT_ROOT}/research_rigid_upright_hardgate_allpairs_mergedpass_20260622/008_10_dimpler/008_10_dimpler_similarity_icp_regframe.obj,${PAPERFIT_ROOT}/prepared_001_020_cv/pairs/008_18_eye_closed/mesh.ply,31518,31518,6246,6246,0.0,0.0,0.006144446958296593,0.012189759152524814,0.029035682917866328,0.009779949043387033,0.009466371508284013,0.007590343360284406,0.029358798172019432,0.018835478771540338,0.026208491501699505,0.011500475151370327,0.01030468770479373,0.045531513067264565,0.03819535218386981,0.02406913779878566,0.007308683904848128,16,2
009_10_dimpler,009,proposed_S8,"Eye/orbit exclusion, nasal depth-contour staging, and nasal/midface weights.",${PAPERFIT_ROOT}/research_rigid_upright_hardgate_allpairs_mergedpass_20260622/009_10_dimpler/009_10_dimpler_similarity_icp_regframe.obj,${PAPERFIT_ROOT}/prepared_001_020_cv/pairs/009_18_eye_closed/mesh.ply,31615,31615,6163,6163,0.0,0.0,0.011271681498844983,0.02473362235074138,0.0521525506790066,0.012205870783042904,0.015551168882450462,0.011973452302132743,0.0368996450242919,0.028435127087232975,0.027640776728314477,0.016805588749397506,0.014726568146725627,0.07606137059059831,0.054593572122289394,0.02986191158159639,0.010153505877409626,16,2
009_10_dimpler,009,no_eye_exclusion,Allows eyes-open source eye/orbit vertices to participate in fitting.,${PAPERFIT_ROOT}/research_rigid_upright_hardgate_allpairs_mergedpass_20260622/009_10_dimpler/009_10_dimpler_similarity_icp_regframe.obj,${PAPERFIT_ROOT}/prepared_001_020_cv/pairs/009_18_eye_closed/mesh.ply,35709,31615,6163,0,0.0,0.0,0.02831423612888839,0.034060074138481,0.05080140989550057,0.012205870783042904,0.020540016952368522,0.01573798579038854,0.0368996450242919,0.03540757585566645,0.027640776728314477,0.014915706352881454,0.012962860299004956,0.07606137059059831,0.045968997871639106,0.02986191158159639,0.009514933273939858,16,2
009_10_dimpler,009,no_nasal_depth_contours,"Keeps eye/orbit exclusion and local anatomical regions, but removes depth-ordered nasal contour staging.",${PAPERFIT_ROOT}/research_rigid_upright_hardgate_allpairs_mergedpass_20260622/009_10_dimpler/009_10_dimpler_similarity_icp_regframe.obj,${PAPERFIT_ROOT}/prepared_001_020_cv/pairs/009_18_eye_closed/mesh.ply,31615,31615,6163,6163,0.0,0.0,0.0037246644921203925,0.007531940605185389,0.019941510470912922,0.012205870783042904,0.012534889655105637,0.01013071811877492,0.0368996450242919,0.03155168813255022,0.027640776728314477,0.02156594500964367,0.019286900552798233,0.07606137059059831,0.06173608556846467,0.02986191158159639,0.021975393897582705,8,2
009_10_dimpler,009,no_region_weights,"Keeps eye/orbit exclusion and depth contours, but removes additional nasal/midface correspondence weights.",${PAPERFIT_ROOT}/research_rigid_upright_hardgate_allpairs_mergedpass_20260622/009_10_dimpler/009_10_dimpler_similarity_icp_regframe.obj,${PAPERFIT_ROOT}/prepared_001_020_cv/pairs/009_18_eye_closed/mesh.ply,31615,31615,6163,6163,0.0,0.0,0.011249456916281562,0.024640944526249122,0.051558665736691864,0.012205870783042904,0.015556356374467088,0.011996681324163525,0.0368996450242919,0.02845445451452176,0.027640776728314477,0.017042065126829355,0.015550043578225474,0.07606137059059831,0.05505338930544621,0.02986191158159639,0.010384611182673536,16,2
010_15_lip_roll,010,proposed_S8,"Eye/orbit exclusion, nasal depth-contour staging, and nasal/midface weights.",${PAPERFIT_ROOT}/research_rigid_upright_hardgate_allpairs_mergedpass_20260622/010_15_lip_roll/010_15_lip_roll_similarity_icp_regframe.obj,${PAPERFIT_ROOT}/prepared_001_020_cv/pairs/010_18_eye_closed/mesh.ply,31448,31448,6428,6428,0.0,0.0,0.004902590607448529,0.009567601256046216,0.028382273312948347,0.01722444376954959,0.014786658846768753,0.011894081443450371,0.0531363119230846,0.04613480975783135,0.02763871960333942,0.017805047333286122,0.015544422181096194,0.08278686858662342,0.05991881165261709,0.015181051507177513,0.0064161240192213516,16,2
010_15_lip_roll,010,no_eye_exclusion,Allows eyes-open source eye/orbit vertices to participate in fitting.,${PAPERFIT_ROOT}/research_rigid_upright_hardgate_allpairs_mergedpass_20260622/010_15_lip_roll/010_15_lip_roll_similarity_icp_regframe.obj,${PAPERFIT_ROOT}/prepared_001_020_cv/pairs/010_18_eye_closed/mesh.ply,35709,31448,6428,0,0.0,0.0,0.008176670436314587,0.01146843780142224,0.028962176703718975,0.01722444376954959,0.015462881700198178,0.011899470495981807,0.0531363119230846,0.04498341836172889,0.02763871960333942,0.014219065161706856,0.01234827984291489,0.08278686858662342,0.056610533240314315,0.015181051507177513,0.006937682429781474,16,2
010_15_lip_roll,010,no_nasal_depth_contours,"Keeps eye/orbit exclusion and local anatomical regions, but removes depth-ordered nasal contour staging.",${PAPERFIT_ROOT}/research_rigid_upright_hardgate_allpairs_mergedpass_20260622/010_15_lip_roll/010_15_lip_roll_similarity_icp_regframe.obj,${PAPERFIT_ROOT}/prepared_001_020_cv/pairs/010_18_eye_closed/mesh.ply,31448,31448,6428,6428,0.0,0.0,0.003803783770784895,0.006709607908529549,0.019947832082467528,0.01722444376954959,0.01772547738374502,0.013980869088155354,0.0531363119230846,0.04792762050580191,0.02763871960333942,0.022004490175933464,0.019542921988545455,0.08278686858662342,0.06647310729219522,0.015181051507177513,0.010671295823149669,8,2
010_15_lip_roll,010,no_region_weights,"Keeps eye/orbit exclusion and depth contours, but removes additional nasal/midface correspondence weights.",${PAPERFIT_ROOT}/research_rigid_upright_hardgate_allpairs_mergedpass_20260622/010_15_lip_roll/010_15_lip_roll_similarity_icp_regframe.obj,${PAPERFIT_ROOT}/prepared_001_020_cv/pairs/010_18_eye_closed/mesh.ply,31448,31448,6428,6428,0.0,0.0,0.004883152611477992,0.009556881267311192,0.027601062596194187,0.01722444376954959,0.014795132009887201,0.011911283668049503,0.0531363119230846,0.0462610550393258,0.02763871960333942,0.017890323251972578,0.016057291039938894,0.08278686858662342,0.06077090470541532,0.015181051507177513,0.00654832399592141,16,2
011_1_neutral,011,proposed_S8,"Eye/orbit exclusion, nasal depth-contour staging, and nasal/midface weights.",${PAPERFIT_ROOT}/research_rigid_upright_hardgate_allpairs_mergedpass_20260622/011_1_neutral/011_1_neutral_similarity_icp_regframe.obj,${PAPERFIT_ROOT}/prepared_001_020_cv/pairs/011_18_eye_closed/mesh.ply,33065,33065,3928,3928,0.0,0.0,0.007548991860137066,0.015854115100444682,0.026994551103625107,0.013570338331929445,0.01123596635208268,0.008747834490563183,0.03063994714313239,0.02527668585937739,0.01425978918793844,0.005829279760159612,0.005128692069102795,0.02924169195905596,0.0140666490758371,0.012532187527159955,0.004471168227087279,16,2
011_1_neutral,011,no_eye_exclusion,Allows eyes-open source eye/orbit vertices to participate in fitting.,${PAPERFIT_ROOT}/research_rigid_upright_hardgate_allpairs_mergedpass_20260622/011_1_neutral/011_1_neutral_similarity_icp_regframe.obj,${PAPERFIT_ROOT}/prepared_001_020_cv/pairs/011_18_eye_closed/mesh.ply,35709,33065,3928,0,0.0,0.0,0.01241206495077623,0.018639875657863524,0.028217289973469232,0.013570338331929445,0.013052086395241028,0.009912907465641503,0.03063994714313239,0.028878755089229158,0.01425978918793844,0.005965310958780465,0.00525298790792573,0.02924169195905596,0.015925956411136498,0.012532187527159955,0.004931932497770241,16,2
011_1_neutral,011,no_nasal_depth_contours,"Keeps eye/orbit exclusion and local anatomical regions, but removes depth-ordered nasal contour staging.",${PAPERFIT_ROOT}/research_rigid_upright_hardgate_allpairs_mergedpass_20260622/011_1_neutral/011_1_neutral_similarity_icp_regframe.obj,${PAPERFIT_ROOT}/prepared_001_020_cv/pairs/011_18_eye_closed/mesh.ply,33065,33065,3928,3928,0.0,0.0,0.005626931885459018,0.01064282524369427,0.020070283948139686,0.013570338331929445,0.012260725653485348,0.009412408253681462,0.03063994714313239,0.02529329837507864,0.01425978918793844,0.009024153641676223,0.007429746519036022,0.02924169195905596,0.017587234755479686,0.012532187527159955,0.005830746187151996,8,2
011_1_neutral,011,no_region_weights,"Keeps eye/orbit exclusion and depth contours, but removes additional nasal/midface correspondence weights.",${PAPERFIT_ROOT}/research_rigid_upright_hardgate_allpairs_mergedpass_20260622/011_1_neutral/011_1_neutral_similarity_icp_regframe.obj,${PAPERFIT_ROOT}/prepared_001_020_cv/pairs/011_18_eye_closed/mesh.ply,33065,33065,3928,3928,0.0,0.0,0.007521666997421203,0.01579925565174293,0.026775445397842067,0.013570338331929445,0.011240154408664755,0.008771317649019105,0.03063994714313239,0.0252998558148435,0.01425978918793844,0.005900463204355187,0.0053675994345926455,0.02924169195905596,0.01463191344148496,0.012532187527159955,0.004529867340238914,16,2
011_10_dimpler,011,proposed_S8,"Eye/orbit exclusion, nasal depth-contour staging, and nasal/midface weights.",${PAPERFIT_ROOT}/research_rigid_upright_hardgate_allpairs_mergedpass_20260622/011_10_dimpler/011_10_dimpler_similarity_icp_regframe.obj,${PAPERFIT_ROOT}/prepared_001_020_cv/pairs/011_18_eye_closed/mesh.ply,33206,33206,3766,3766,0.0,0.0,0.004161418514128647,0.007692803306332292,0.02030605431814015,0.010628546390133269,0.009348262837866331,0.007400693335336347,0.0265229799290222,0.020922062899750696,0.01121065798024568,0.004829201062922369,0.0043427681702367885,0.026200778730234804,0.01686027176817275,0.007499902227914857,0.003948744812071562,16,2
011_10_dimpler,011,no_eye_exclusion,Allows eyes-open source eye/orbit vertices to participate in fitting.,${PAPERFIT_ROOT}/research_rigid_upright_hardgate_allpairs_mergedpass_20260622/011_10_dimpler/011_10_dimpler_similarity_icp_regframe.obj,${PAPERFIT_ROOT}/prepared_001_020_cv/pairs/011_18_eye_closed/mesh.ply,35709,33206,3766,0,0.0,0.0,0.006825924746996583,0.010356998950080878,0.023949045186895244,0.010628546390133269,0.010683758145652169,0.008115732590356741,0.0265229799290222,0.021715821150299835,0.01121065798024568,0.005013995352126356,0.0045095452961050365,0.026200778730234804,0.01778270982446101,0.007499902227914857,0.004329589776393199,16,2
011_10_dimpler,011,no_nasal_depth_contours,"Keeps eye/orbit exclusion and local anatomical regions, but removes depth-ordered nasal contour staging.",${PAPERFIT_ROOT}/research_rigid_upright_hardgate_allpairs_mergedpass_20260622/011_10_dimpler/011_10_dimpler_similarity_icp_regframe.obj,${PAPERFIT_ROOT}/prepared_001_020_cv/pairs/011_18_eye_closed/mesh.ply,33206,33206,3766,3766,0.0,0.0,0.0038751925464620683,0.007150387607059043,0.015162384513176376,0.010628546390133269,0.010256512753372964,0.008049771797926437,0.0265229799290222,0.021768628241061787,0.01121065798024568,0.006641764611592444,0.005569853905631686,0.026200778730234804,0.01757410188943018,0.007499902227914857,0.005772931564401361,8,2
011_10_dimpler,011,no_region_weights,"Keeps eye/orbit exclusion and depth contours, but removes additional nasal/midface correspondence weights.",${PAPERFIT_ROOT}/research_rigid_upright_hardgate_allpairs_mergedpass_20260622/011_10_dimpler/011_10_dimpler_similarity_icp_regframe.obj,${PAPERFIT_ROOT}/prepared_001_020_cv/pairs/011_18_eye_closed/mesh.ply,33206,33206,3766,3766,0.0,0.0,0.00414414266564158,0.007660146678116506,0.020299336103196123,0.010628546390133269,0.009349506908252089,0.007419791774994797,0.0265229799290222,0.020962166094075814,0.01121065798024568,0.004862589289527541,0.004486762581818038,0.026200778730234804,0.01755221746165648,0.007499902227914857,0.003998724320350679,16,2
012_1_neutral,012,proposed_S8,"Eye/orbit exclusion, nasal depth-contour staging, and nasal/midface weights.",${PAPERFIT_ROOT}/research_rigid_upright_hardgate_allpairs_mergedpass_20260622/012_1_neutral/012_1_neutral_similarity_icp_regframe.obj,${PAPERFIT_ROOT}/prepared_001_020_cv/pairs/012_18_eye_closed/mesh.ply,32048,32048,5375,5375,0.0,0.0,0.004659934686172435,0.010653435903579266,0.019232474286056206,0.007351703545592091,0.0063853873329514955,0.004815551251948056,0.018316917673781824,0.012097504879562179,0.009263521008551621,0.0036667972530640735,0.0032506419096737203,0.020195329471720286,0.0073540192539352615,0.009271629988529565,0.0029428540838917694,16,2
012_1_neutral,012,no_eye_exclusion,Allows eyes-open source eye/orbit vertices to participate in fitting.,${PAPERFIT_ROOT}/research_rigid_upright_hardgate_allpairs_mergedpass_20260622/012_1_neutral/012_1_neutral_similarity_icp_regframe.obj,${PAPERFIT_ROOT}/prepared_001_020_cv/pairs/012_18_eye_closed/mesh.ply,35709,32048,5375,0,0.0,0.0,0.008981831739804574,0.01257206157784461,0.019630631251544454,0.007351703545592091,0.00795655981710904,0.005655245177013264,0.018316917673781824,0.013708935982031599,0.009263521008551621,0.0033610182032459196,0.0030002515119870697,0.020195329471720286,0.007193396632091908,0.009271629988529565,0.0026810596137040303,16,2
012_1_neutral,012,no_nasal_depth_contours,"Keeps eye/orbit exclusion and local anatomical regions, but removes depth-ordered nasal contour staging.",${PAPERFIT_ROOT}/research_rigid_upright_hardgate_allpairs_mergedpass_20260622/012_1_neutral/012_1_neutral_similarity_icp_regframe.obj,${PAPERFIT_ROOT}/prepared_001_020_cv/pairs/012_18_eye_closed/mesh.ply,32048,32048,5375,5375,0.0,0.0,0.0042865569591341605,0.009050972387657192,0.016367039532541885,0.007351703545592091,0.007003274975949684,0.005231584211255455,0.018316917673781824,0.012281741830533993,0.009263521008551621,0.005207574770182096,0.004338516784256576,0.020195329471720286,0.009490038949140358,0.009271629988529565,0.004593876183419081,8,2
012_1_neutral,012,no_region_weights,"Keeps eye/orbit exclusion and depth contours, but removes additional nasal/midface correspondence weights.",${PAPERFIT_ROOT}/research_rigid_upright_hardgate_allpairs_mergedpass_20260622/012_1_neutral/012_1_neutral_similarity_icp_regframe.obj,${PAPERFIT_ROOT}/prepared_001_020_cv/pairs/012_18_eye_closed/mesh.ply,32048,32048,5375,5375,0.0,0.0,0.004652470681750395,0.010656983497945855,0.019054180932159298,0.007351703545592091,0.006392211489339533,0.004822763130671862,0.018316917673781824,0.012106610856475832,0.009263521008551621,0.003685810657711537,0.0033616008808726346,0.020195329471720286,0.007716537945123548,0.009271629988529565,0.0029793356800217577,16,2
012_10_dimpler,012,proposed_S8,"Eye/orbit exclusion, nasal depth-contour staging, and nasal/midface weights.",${PAPERFIT_ROOT}/research_rigid_upright_hardgate_allpairs_mergedpass_20260622/012_10_dimpler/012_10_dimpler_similarity_icp_regframe.obj,${PAPERFIT_ROOT}/prepared_001_020_cv/pairs/012_18_eye_closed/mesh.ply,32555,32555,4717,4717,0.0,0.0,0.001964436461424493,0.0051863416921385415,0.007740029734692987,0.004160025631238782,0.003848834508659407,0.003126042615201268,0.020188796702115507,0.01613189258523116,0.0029410419594291803,0.0023537079808428644,0.0021981123421910722,0.007227522070210058,0.0041253053133150095,0.0031799068645880194,0.0021296403897894836,16,2
012_10_dimpler,012,no_eye_exclusion,Allows eyes-open source eye/orbit vertices to participate in fitting.,${PAPERFIT_ROOT}/research_rigid_upright_hardgate_allpairs_mergedpass_20260622/012_10_dimpler/012_10_dimpler_similarity_icp_regframe.obj,${PAPERFIT_ROOT}/prepared_001_020_cv/pairs/012_18_eye_closed/mesh.ply,35709,32555,4717,0,0.0,0.0,0.003851876422999186,0.008665295789693057,0.00961787727099801,0.004160025631238782,0.003845707560372167,0.0030860764647781275,0.020188796702115507,0.01271700743126145,0.0029410419594291803,0.002431246362439557,0.0022453020985135352,0.007227522070210058,0.004047706338405813,0.0031799068645880194,0.0023834272746209757,16,2
012_10_dimpler,012,no_nasal_depth_contours,"Keeps eye/orbit exclusion and local anatomical regions, but removes depth-ordered nasal contour staging.",${PAPERFIT_ROOT}/research_rigid_upright_hardgate_allpairs_mergedpass_20260622/012_10_dimpler/012_10_dimpler_similarity_icp_regframe.obj,${PAPERFIT_ROOT}/prepared_001_020_cv/pairs/012_18_eye_closed/mesh.ply,32555,32555,4717,4717,0.0,0.0,0.0018629569920259254,0.004802066517213034,0.007676419465605867,0.004160025631238782,0.004079453448796423,0.0032971091133797343,0.020188796702115507,0.016310527925943993,0.0029410419594291803,0.0024815126272418045,0.0023073661033866507,0.007227522070210058,0.004525033244262094,0.0031799068645880194,0.002733611090077277,8,2
012_10_dimpler,012,no_region_weights,"Keeps eye/orbit exclusion and depth contours, but removes additional nasal/midface correspondence weights.",${PAPERFIT_ROOT}/research_rigid_upright_hardgate_allpairs_mergedpass_20260622/012_10_dimpler/012_10_dimpler_similarity_icp_regframe.obj,${PAPERFIT_ROOT}/prepared_001_020_cv/pairs/012_18_eye_closed/mesh.ply,32555,32555,4717,4717,0.0,0.0,0.001959198045400952,0.005166876141873487,0.007660753680879325,0.004160025631238782,0.003853400925069387,0.003134042639485126,0.020188796702115507,0.016131461578222074,0.0029410419594291803,0.0023523906795669056,0.002263614698126036,0.007227522070210058,0.004315406460746024,0.0031799068645880194,0.0021531246034904744,16,2
014_20_brow_lower,014,proposed_S8,"Eye/orbit exclusion, nasal depth-contour staging, and nasal/midface weights.",${PAPERFIT_ROOT}/research_rigid_upright_hardgate_allpairs_mergedpass_20260622/014_20_brow_lower/014_20_brow_lower_similarity_icp_regframe.obj,${PAPERFIT_ROOT}/prepared_001_020_cv/pairs/014_18_eye_closed/mesh.ply,32953,32953,4178,4178,0.0,0.0,0.015245846964007418,0.029907277083850933,0.04890126096137916,0.026397721900859088,0.01945116759967966,0.015655342375370036,0.058905733936313404,0.051384700867001684,0.01334363520424989,0.006533308137173921,0.00519460450420039,0.03198176358263237,0.017569823794443447,0.016939228421270502,0.004333797829820407,16,2
014_20_brow_lower,014,no_eye_exclusion,Allows eyes-open source eye/orbit vertices to participate in fitting.,${PAPERFIT_ROOT}/research_rigid_upright_hardgate_allpairs_mergedpass_20260622/014_20_brow_lower/014_20_brow_lower_similarity_icp_regframe.obj,${PAPERFIT_ROOT}/prepared_001_020_cv/pairs/014_18_eye_closed/mesh.ply,35709,32953,4178,0,0.0,0.0,0.02250199022278079,0.03387482858709201,0.049369835040230674,0.026397721900859088,0.019451851575922965,0.015258085303654226,0.058905733936313404,0.05012734054712675,0.01334363520424989,0.006469896122058462,0.005096470765491222,0.03198176358263237,0.012586048165652125,0.016939228421270502,0.004714740018210339,16,2
014_20_brow_lower,014,no_nasal_depth_contours,"Keeps eye/orbit exclusion and local anatomical regions, but removes depth-ordered nasal contour staging.",${PAPERFIT_ROOT}/research_rigid_upright_hardgate_allpairs_mergedpass_20260622/014_20_brow_lower/014_20_brow_lower_similarity_icp_regframe.obj,${PAPERFIT_ROOT}/prepared_001_020_cv/pairs/014_18_eye_closed/mesh.ply,32953,32953,4178,4178,0.0,0.0,0.005746491879853436,0.010238665644626202,0.020259462683366234,0.026397721900859088,0.025291947509210093,0.02071832231080191,0.058905733936313404,0.054467857075875446,0.01334363520424989,0.008640874304848323,0.006615744580784415,0.03198176358263237,0.024264169949405744,0.016939228421270502,0.010312921826094255,8,2
014_20_brow_lower,014,no_region_weights,"Keeps eye/orbit exclusion and depth contours, but removes additional nasal/midface correspondence weights.",${PAPERFIT_ROOT}/research_rigid_upright_hardgate_allpairs_mergedpass_20260622/014_20_brow_lower/014_20_brow_lower_similarity_icp_regframe.obj,${PAPERFIT_ROOT}/prepared_001_020_cv/pairs/014_18_eye_closed/mesh.ply,32953,32953,4178,4178,0.0,0.0,0.01519882740568504,0.02972852880167806,0.04851008568630809,0.026397721900859088,0.01945991553584556,0.015693631542003258,0.058905733936313404,0.05137135906884797,0.01334363520424989,0.006618143235569819,0.005537431860295412,0.03198176358263237,0.017969150865888784,0.016939228421270502,0.004477861258801598,16,2
015_1_neutral,015,proposed_S8,"Eye/orbit exclusion, nasal depth-contour staging, and nasal/midface weights.",${PAPERFIT_ROOT}/research_rigid_upright_hardgate_allpairs_mergedpass_20260622/015_1_neutral/015_1_neutral_similarity_icp_regframe.obj,${PAPERFIT_ROOT}/prepared_001_020_cv/pairs/015_18_eye_closed/mesh.ply,31905,31905,5765,5765,0.0,0.0,0.0029763299369903614,0.0066486951171495536,0.020185280325402313,0.00801501304910438,0.006961874861702043,0.005703990514755964,0.020618540031945517,0.01657209464390967,0.012077922062893893,0.006543983585907168,0.005658130472841982,0.03485679875891721,0.020803968406866883,0.009064186807432161,0.004387495238624405,16,2
015_1_neutral,015,no_eye_exclusion,Allows eyes-open source eye/orbit vertices to participate in fitting.,${PAPERFIT_ROOT}/research_rigid_upright_hardgate_allpairs_mergedpass_20260622/015_1_neutral/015_1_neutral_similarity_icp_regframe.obj,${PAPERFIT_ROOT}/prepared_001_020_cv/pairs/015_18_eye_closed/mesh.ply,35709,31905,5765,0,0.0,0.0,0.004859612721595659,0.008307990670258142,0.019870474436801306,0.00801501304910438,0.007313470705772357,0.0057947803029602,0.020618540031945517,0.015139548833753288,0.012077922062893893,0.006790606903557889,0.00563123200574969,0.03485679875891721,0.020623640084774318,0.009064186807432161,0.004751102773003101,16,2
015_1_neutral,015,no_nasal_depth_contours,"Keeps eye/orbit exclusion and local anatomical regions, but removes depth-ordered nasal contour staging.",${PAPERFIT_ROOT}/research_rigid_upright_hardgate_allpairs_mergedpass_20260622/015_1_neutral/015_1_neutral_similarity_icp_regframe.obj,${PAPERFIT_ROOT}/prepared_001_020_cv/pairs/015_18_eye_closed/mesh.ply,31905,31905,5765,5765,0.0,0.0,0.0022169001097004782,0.004545769597214374,0.0176505245770494,0.00801501304910438,0.007956090194238388,0.006317734213535102,0.020618540031945517,0.017184917857730728,0.012077922062893893,0.008587995643904832,0.00715835686495702,0.03485679875891721,0.022953691205938723,0.009064186807432161,0.006934938740381455,8,2
015_1_neutral,015,no_region_weights,"Keeps eye/orbit exclusion and depth contours, but removes additional nasal/midface correspondence weights.",${PAPERFIT_ROOT}/research_rigid_upright_hardgate_allpairs_mergedpass_20260622/015_1_neutral/015_1_neutral_similarity_icp_regframe.obj,${PAPERFIT_ROOT}/prepared_001_020_cv/pairs/015_18_eye_closed/mesh.ply,31905,31905,5765,5765,0.0,0.0,0.0029484559274147934,0.006564360745431103,0.01905582320226674,0.00801501304910438,0.006972799612750868,0.005725868427267523,0.020618540031945517,0.016617776139977822,0.012077922062893893,0.006642125211191233,0.005910790055690831,0.03485679875891721,0.021500747704260567,0.009064186807432161,0.004478555140725827,16,2
015_10_dimpler,015,proposed_S8,"Eye/orbit exclusion, nasal depth-contour staging, and nasal/midface weights.",${PAPERFIT_ROOT}/research_rigid_upright_hardgate_allpairs_mergedpass_20260622/015_10_dimpler/015_10_dimpler_similarity_icp_regframe.obj,${PAPERFIT_ROOT}/prepared_001_020_cv/pairs/015_18_eye_closed/mesh.ply,31880,31880,5798,5798,0.0,0.0,0.0028811024189480845,0.006662776877382376,0.022556462428380403,0.007219446807039064,0.006331339007096181,0.0052588531444062656,0.020058830347451963,0.015569418901313678,0.0126919843288236,0.005326183999896551,0.004688817896799814,0.03925791878806114,0.021751310751171402,0.009773584647591513,0.0041638355241666244,16,2
015_10_dimpler,015,no_eye_exclusion,Allows eyes-open source eye/orbit vertices to participate in fitting.,${PAPERFIT_ROOT}/research_rigid_upright_hardgate_allpairs_mergedpass_20260622/015_10_dimpler/015_10_dimpler_similarity_icp_regframe.obj,${PAPERFIT_ROOT}/prepared_001_020_cv/pairs/015_18_eye_closed/mesh.ply,35709,31880,5798,0,0.0,0.0,0.0046163439301816584,0.00857794827959533,0.02113652545486475,0.007219446807039064,0.006702531636578436,0.005396290521438692,0.020058830347451963,0.013859364770288657,0.0126919843288236,0.005300291491903407,0.004551931741672561,0.03925791878806114,0.023280310164436404,0.009773584647591513,0.004264052472615876,16,2
015_10_dimpler,015,no_nasal_depth_contours,"Keeps eye/orbit exclusion and local anatomical regions, but removes depth-ordered nasal contour staging.",${PAPERFIT_ROOT}/research_rigid_upright_hardgate_allpairs_mergedpass_20260622/015_10_dimpler/015_10_dimpler_similarity_icp_regframe.obj,${PAPERFIT_ROOT}/prepared_001_020_cv/pairs/015_18_eye_closed/mesh.ply,31880,31880,5798,5798,0.0,0.0,0.0023678321206230374,0.004597761157300761,0.018527165810951516,0.007219446807039064,0.007162205636742962,0.0058347419863585825,0.020058830347451963,0.016699819131379315,0.0126919843288236,0.00691994778924824,0.005793922493441441,0.03925791878806114,0.025190948945639197,0.009773584647591513,0.006377841072443209,8,2
015_10_dimpler,015,no_region_weights,"Keeps eye/orbit exclusion and depth contours, but removes additional nasal/midface correspondence weights.",${PAPERFIT_ROOT}/research_rigid_upright_hardgate_allpairs_mergedpass_20260622/015_10_dimpler/015_10_dimpler_similarity_icp_regframe.obj,${PAPERFIT_ROOT}/prepared_001_020_cv/pairs/015_18_eye_closed/mesh.ply,31880,31880,5798,5798,0.0,0.0,0.0028567422654090734,0.006619803495478417,0.021537137031229947,0.007219446807039064,0.0063366334531055925,0.005280609316726168,0.020058830347451963,0.01561796035206397,0.0126919843288236,0.005411818658333353,0.00491513888827974,0.03925791878806114,0.0225204512244085,0.009773584647591513,0.004268510730495688,16,2
016_11_chin_raiser,016,proposed_S8,"Eye/orbit exclusion, nasal depth-contour staging, and nasal/midface weights.",${PAPERFIT_ROOT}/research_rigid_upright_hardgate_allpairs_mergedpass_20260622/016_11_chin_raiser/016_11_chin_raiser_similarity_icp_regframe.obj,${PAPERFIT_ROOT}/prepared_001_020_cv/pairs/016_18_eye_closed/mesh.ply,31089,31089,6815,6815,0.0,0.0,0.0087391394162439,0.01871918447444097,0.04014634260028304,0.021933352208596872,0.021447977743839018,0.018191723148656865,0.06847911653832969,0.06682881035670588,0.026090992696910526,0.013726406420275297,0.012020210801976412,0.05611493671511093,0.036780579898756334,0.023367390483843578,0.009028110710924141,16,2
016_11_chin_raiser,016,no_eye_exclusion,Allows eyes-open source eye/orbit vertices to participate in fitting.,${PAPERFIT_ROOT}/research_rigid_upright_hardgate_allpairs_mergedpass_20260622/016_11_chin_raiser/016_11_chin_raiser_similarity_icp_regframe.obj,${PAPERFIT_ROOT}/prepared_001_020_cv/pairs/016_18_eye_closed/mesh.ply,35709,31089,6815,0,0.0,0.0,0.01441379196684788,0.02359868792809613,0.04163022395690736,0.021933352208596872,0.022784875750612728,0.01849913811206181,0.06847911653832969,0.06966583093720868,0.026090992696910526,0.013714444502142544,0.011343540964491743,0.05611493671511093,0.03138094294799232,0.023367390483843578,0.009991672500156631,16,2
016_11_chin_raiser,016,no_nasal_depth_contours,"Keeps eye/orbit exclusion and local anatomical regions, but removes depth-ordered nasal contour staging.",${PAPERFIT_ROOT}/research_rigid_upright_hardgate_allpairs_mergedpass_20260622/016_11_chin_raiser/016_11_chin_raiser_similarity_icp_regframe.obj,${PAPERFIT_ROOT}/prepared_001_020_cv/pairs/016_18_eye_closed/mesh.ply,31089,31089,6815,6815,0.0,0.0,0.0046561203339834725,0.009881258418488291,0.027609938244571548,0.021933352208596872,0.02175212393835462,0.01855923841219393,0.06847911653832969,0.06298512136447107,0.026090992696910526,0.01790310324634298,0.015388662397610428,0.05611493671511093,0.040388181136535445,0.023367390483843578,0.016539063205495017,8,2
016_11_chin_raiser,016,no_region_weights,"Keeps eye/orbit exclusion and depth contours, but removes additional nasal/midface correspondence weights.",${PAPERFIT_ROOT}/research_rigid_upright_hardgate_allpairs_mergedpass_20260622/016_11_chin_raiser/016_11_chin_raiser_similarity_icp_regframe.obj,${PAPERFIT_ROOT}/prepared_001_020_cv/pairs/016_18_eye_closed/mesh.ply,31089,31089,6815,6815,0.0,0.0,0.008735866655245636,0.0187408372545762,0.039863964940492005,0.021933352208596872,0.021480322769034207,0.01826698149727772,0.06847911653832969,0.06686655946602313,0.026090992696910526,0.013804537935951496,0.012461839182824185,0.05611493671511093,0.03734124370791951,0.023367390483843578,0.00920064292273081,16,2
016_12_lip_puckerer,016,proposed_S8,"Eye/orbit exclusion, nasal depth-contour staging, and nasal/midface weights.",${PAPERFIT_ROOT}/research_rigid_upright_hardgate_allpairs_mergedpass_20260622/016_12_lip_puckerer/016_12_lip_puckerer_similarity_icp_regframe.obj,${PAPERFIT_ROOT}/prepared_001_020_cv/pairs/016_18_eye_closed/mesh.ply,30956,30956,7029,7029,0.0,0.0,0.009047170311025362,0.01861633405570037,0.042520323116329445,0.021374955155102023,0.021218946289040343,0.017998223921647197,0.06958004236580567,0.0684193383315763,0.025897430917544515,0.01302264644885331,0.011219608116434245,0.053474974754904855,0.03653699110814592,0.022857045079311737,0.009000257434711601,16,2
016_12_lip_puckerer,016,no_eye_exclusion,Allows eyes-open source eye/orbit vertices to participate in fitting.,${PAPERFIT_ROOT}/research_rigid_upright_hardgate_allpairs_mergedpass_20260622/016_12_lip_puckerer/016_12_lip_puckerer_similarity_icp_regframe.obj,${PAPERFIT_ROOT}/prepared_001_020_cv/pairs/016_18_eye_closed/mesh.ply,35709,30956,7029,0,0.0,0.0,0.01567808909739529,0.024900682264176435,0.04539946996724256,0.021374955155102023,0.022820724929753143,0.018512247133820867,0.06958004236580567,0.07198384142448064,0.025897430917544515,0.013634050780345864,0.011002480164455639,0.053474974754904855,0.029287060484327967,0.022857045079311737,0.0104665913383373,16,2
016_12_lip_puckerer,016,no_nasal_depth_contours,"Keeps eye/orbit exclusion and local anatomical regions, but removes depth-ordered nasal contour staging.",${PAPERFIT_ROOT}/research_rigid_upright_hardgate_allpairs_mergedpass_20260622/016_12_lip_puckerer/016_12_lip_puckerer_similarity_icp_regframe.obj,${PAPERFIT_ROOT}/prepared_001_020_cv/pairs/016_18_eye_closed/mesh.ply,30956,30956,7029,7029,0.0,0.0,0.004855191633440214,0.009925819255650246,0.027486376138020546,0.021374955155102023,0.02135826819321572,0.018219135877067034,0.06958004236580567,0.06452832744960495,0.025897430917544515,0.017102780421451438,0.014611422950169966,0.053474974754904855,0.0402080695673916,0.022857045079311737,0.015786280184702104,8,2
016_12_lip_puckerer,016,no_region_weights,"Keeps eye/orbit exclusion and depth contours, but removes additional nasal/midface correspondence weights.",${PAPERFIT_ROOT}/research_rigid_upright_hardgate_allpairs_mergedpass_20260622/016_12_lip_puckerer/016_12_lip_puckerer_similarity_icp_regframe.obj,${PAPERFIT_ROOT}/prepared_001_020_cv/pairs/016_18_eye_closed/mesh.ply,30956,30956,7029,7029,0.0,0.0,0.009036381358487779,0.01861133571738995,0.04216391092925407,0.021374955155102023,0.02124178289365599,0.01808347591010901,0.06958004236580567,0.06842327756028267,0.025897430917544515,0.013117899642061922,0.01164191067625101,0.053474974754904855,0.03704355209697705,0.022857045079311737,0.009133700171221917,16,2
017_1_neutral,017,proposed_S8,"Eye/orbit exclusion, nasal depth-contour staging, and nasal/midface weights.",${PAPERFIT_ROOT}/research_rigid_upright_hardgate_allpairs_mergedpass_20260622/017_1_neutral/017_1_neutral_similarity_icp_regframe.obj,${PAPERFIT_ROOT}/prepared_001_020_cv/pairs/017_18_eye_closed/mesh.ply,31166,31166,6807,6807,0.0,0.0,0.0026211862186342767,0.006035700619722869,0.011322805610204064,0.006275575610280809,0.006071196407773408,0.004661770077348612,0.025071273663855823,0.02089408905513846,0.0053146725769457025,0.0030807216437122144,0.002740130440367883,0.017887511480866987,0.01209040624815555,0.0041421663673566625,0.0021371578900712287,16,2
017_1_neutral,017,no_eye_exclusion,Allows eyes-open source eye/orbit vertices to participate in fitting.,${PAPERFIT_ROOT}/research_rigid_upright_hardgate_allpairs_mergedpass_20260622/017_1_neutral/017_1_neutral_similarity_icp_regframe.obj,${PAPERFIT_ROOT}/prepared_001_020_cv/pairs/017_18_eye_closed/mesh.ply,35709,31166,6807,0,0.0,0.0,0.004779725449551051,0.007359171174770201,0.016205668561744106,0.006275575610280809,0.006082555280617576,0.004554058557203209,0.025071273663855823,0.01904529804870049,0.0053146725769457025,0.0030079694619219314,0.002659977126032051,0.017887511480866987,0.00826552561023127,0.0041421663673566625,0.0021940618801148336,16,2
017_1_neutral,017,no_nasal_depth_contours,"Keeps eye/orbit exclusion and local anatomical regions, but removes depth-ordered nasal contour staging.",${PAPERFIT_ROOT}/research_rigid_upright_hardgate_allpairs_mergedpass_20260622/017_1_neutral/017_1_neutral_similarity_icp_regframe.obj,${PAPERFIT_ROOT}/prepared_001_020_cv/pairs/017_18_eye_closed/mesh.ply,31166,31166,6807,6807,0.0,0.0,0.0022198294890431016,0.005294513167867343,0.011191963120172087,0.006275575610280809,0.0063176347273558985,0.004941736694805748,0.025071273663855823,0.021289152583878104,0.0053146725769457025,0.003653163495242918,0.0032405482515361376,0.017887511480866987,0.014128929267677077,0.0041421663673566625,0.0031336093097281254,8,2
017_1_neutral,017,no_region_weights,"Keeps eye/orbit exclusion and depth contours, but removes additional nasal/midface correspondence weights.",${PAPERFIT_ROOT}/research_rigid_upright_hardgate_allpairs_mergedpass_20260622/017_1_neutral/017_1_neutral_similarity_icp_regframe.obj,${PAPERFIT_ROOT}/prepared_001_020_cv/pairs/017_18_eye_closed/mesh.ply,31166,31166,6807,6807,0.0,0.0,0.002617768334349229,0.006019003145336814,0.010591378350124166,0.006275575610280809,0.006073422243434274,0.004675771914776965,0.025071273663855823,0.02091147437452735,0.0053146725769457025,0.003123448934654009,0.0028848719737381424,0.017887511480866987,0.012373669693954332,0.0041421663673566625,0.0021806671094248865,16,2
017_10_dimpler,017,proposed_S8,"Eye/orbit exclusion, nasal depth-contour staging, and nasal/midface weights.",${PAPERFIT_ROOT}/research_rigid_upright_hardgate_allpairs_mergedpass_20260622/017_10_dimpler/017_10_dimpler_similarity_icp_regframe.obj,${PAPERFIT_ROOT}/prepared_001_020_cv/pairs/017_18_eye_closed/mesh.ply,31210,31210,6757,6757,0.0,0.0,0.0033592416876556943,0.006441911125379125,0.011118909945159721,0.009104814549641668,0.009185591653976715,0.006862983437415236,0.03444860067501833,0.02877472489870065,0.006507118084566265,0.002946263367825004,0.002630185608370244,0.017911301354936127,0.0145469487071336,0.004305287659968723,0.00207792227795483,16,2
017_10_dimpler,017,no_eye_exclusion,Allows eyes-open source eye/orbit vertices to participate in fitting.,${PAPERFIT_ROOT}/research_rigid_upright_hardgate_allpairs_mergedpass_20260622/017_10_dimpler/017_10_dimpler_similarity_icp_regframe.obj,${PAPERFIT_ROOT}/prepared_001_020_cv/pairs/017_18_eye_closed/mesh.ply,35709,31210,6757,0,0.0,0.0,0.005525387741506526,0.008082777400493587,0.01279517981721343,0.009104814549641668,0.0098054915621002,0.006974503998524187,0.03444860067501833,0.028027979129172823,0.006507118084566265,0.0030837878832324556,0.0026756484546033967,0.017911301354936127,0.008970251056030616,0.004305287659968723,0.0021199078235835463,16,2
017_10_dimpler,017,no_nasal_depth_contours,"Keeps eye/orbit exclusion and local anatomical regions, but removes depth-ordered nasal contour staging.",${PAPERFIT_ROOT}/research_rigid_upright_hardgate_allpairs_mergedpass_20260622/017_10_dimpler/017_10_dimpler_similarity_icp_regframe.obj,${PAPERFIT_ROOT}/prepared_001_020_cv/pairs/017_18_eye_closed/mesh.ply,31210,31210,6757,6757,0.0,0.0,0.002840996672664948,0.005584904744679164,0.011156890270538164,0.009104814549641668,0.009156223468496235,0.006997359107068132,0.03444860067501833,0.02954639132988709,0.006507118084566265,0.003394225060201831,0.0029594861304952183,0.017911301354936127,0.014950018124842772,0.004305287659968723,0.002844079636626261,8,2
017_10_dimpler,017,no_region_weights,"Keeps eye/orbit exclusion and depth contours, but removes additional nasal/midface correspondence weights.",${PAPERFIT_ROOT}/research_rigid_upright_hardgate_allpairs_mergedpass_20260622/017_10_dimpler/017_10_dimpler_similarity_icp_regframe.obj,${PAPERFIT_ROOT}/prepared_001_020_cv/pairs/017_18_eye_closed/mesh.ply,31210,31210,6757,6757,0.0,0.0,0.003356582670253775,0.006422430964692437,0.010332371846063976,0.009104814549641668,0.009191837694508102,0.006877447816120222,0.03444860067501833,0.0287822487613379,0.006507118084566265,0.002983465343611537,0.002746222150625661,0.017911301354936127,0.014846734419325849,0.004305287659968723,0.002116251088530715,16,2
018_1_neutral,018,proposed_S8,"Eye/orbit exclusion, nasal depth-contour staging, and nasal/midface weights.",${PAPERFIT_ROOT}/research_rigid_upright_hardgate_allpairs_mergedpass_20260622/018_1_neutral/018_1_neutral_similarity_icp_regframe.obj,${PAPERFIT_ROOT}/prepared_001_020_cv/pairs/018_18_eye_closed/mesh.ply,32907,32907,4218,4218,0.0,0.0,0.00608950977046436,0.013434364837507914,0.02499244240014928,0.011108510207560679,0.009305243757879302,0.006957684407285544,0.025396096130229376,0.017961531762159335,0.011822777842522808,0.004792802867569953,0.004114827091329565,0.024225807542454077,0.01296310836772345,0.012228421548519792,0.0029861331264897694,16,2
018_1_neutral,018,no_eye_exclusion,Allows eyes-open source eye/orbit vertices to participate in fitting.,${PAPERFIT_ROOT}/research_rigid_upright_hardgate_allpairs_mergedpass_20260622/018_1_neutral/018_1_neutral_similarity_icp_regframe.obj,${PAPERFIT_ROOT}/prepared_001_020_cv/pairs/018_18_eye_closed/mesh.ply,35709,32907,4218,0,0.0,0.0,0.008117937958100245,0.013783495959419658,0.024719583390146207,0.011108510207560679,0.009748607858080781,0.007083850440947641,0.025396096130229376,0.017745478838876387,0.011822777842522808,0.005088023924975347,0.004344632871819408,0.024225807542454077,0.014422386570600899,0.012228421548519792,0.0031119493962242797,16,2
018_1_neutral,018,no_nasal_depth_contours,"Keeps eye/orbit exclusion and local anatomical regions, but removes depth-ordered nasal contour staging.",${PAPERFIT_ROOT}/research_rigid_upright_hardgate_allpairs_mergedpass_20260622/018_1_neutral/018_1_neutral_similarity_icp_regframe.obj,${PAPERFIT_ROOT}/prepared_001_020_cv/pairs/018_18_eye_closed/mesh.ply,32907,32907,4218,4218,0.0,0.0,0.00444760169725512,0.00957337499276394,0.016603341601733136,0.011108510207560679,0.01048967208634684,0.007793158759429217,0.025396096130229376,0.019114634942786892,0.011822777842522808,0.007171025399223429,0.005811616473200245,0.024225807542454077,0.014371019881212258,0.012228421548519792,0.006883022186725036,8,2
018_1_neutral,018,no_region_weights,"Keeps eye/orbit exclusion and depth contours, but removes additional nasal/midface correspondence weights.",${PAPERFIT_ROOT}/research_rigid_upright_hardgate_allpairs_mergedpass_20260622/018_1_neutral/018_1_neutral_similarity_icp_regframe.obj,${PAPERFIT_ROOT}/prepared_001_020_cv/pairs/018_18_eye_closed/mesh.ply,32907,32907,4218,4218,0.0,0.0,0.0060682753091031655,0.01341498847287918,0.02493745170603968,0.011108510207560679,0.009313565819098995,0.006982401699787362,0.025396096130229376,0.017992943200618634,0.011822777842522808,0.0048409466421203955,0.004299094784591293,0.024225807542454077,0.013634074553352728,0.012228421548519792,0.0030440888896083942,16,2
018_10_dimpler,018,proposed_S8,"Eye/orbit exclusion, nasal depth-contour staging, and nasal/midface weights.",${PAPERFIT_ROOT}/research_rigid_upright_hardgate_allpairs_mergedpass_20260622/018_10_dimpler/018_10_dimpler_similarity_icp_regframe.obj,${PAPERFIT_ROOT}/prepared_001_020_cv/pairs/018_18_eye_closed/mesh.ply,32161,32161,5292,5292,0.0,0.0,0.0064461672106897565,0.0158414437924021,0.024973510724058103,0.008909124429627428,0.007693466958678934,0.0058209597977625606,0.027306405568545154,0.017692078857513716,0.013634031485503434,0.004677735431317587,0.004122477201440993,0.023902749660727047,0.012354172282488234,0.011409128303337113,0.0025828579841832046,16,2
018_10_dimpler,018,no_eye_exclusion,Allows eyes-open source eye/orbit vertices to participate in fitting.,${PAPERFIT_ROOT}/research_rigid_upright_hardgate_allpairs_mergedpass_20260622/018_10_dimpler/018_10_dimpler_similarity_icp_regframe.obj,${PAPERFIT_ROOT}/prepared_001_020_cv/pairs/018_18_eye_closed/mesh.ply,35709,32161,5292,0,0.0,0.0,0.009147951768051363,0.016371102017746816,0.025172338863363744,0.008909124429627428,0.008243390166102432,0.006000898607568056,0.027306405568545154,0.017480970878604805,0.013634031485503434,0.005532761773258916,0.004710919498474676,0.023902749660727047,0.013993936297241931,0.011409128303337113,0.0025205245741684672,16,2
018_10_dimpler,018,no_nasal_depth_contours,"Keeps eye/orbit exclusion and local anatomical regions, but removes depth-ordered nasal contour staging.",${PAPERFIT_ROOT}/research_rigid_upright_hardgate_allpairs_mergedpass_20260622/018_10_dimpler/018_10_dimpler_similarity_icp_regframe.obj,${PAPERFIT_ROOT}/prepared_001_020_cv/pairs/018_18_eye_closed/mesh.ply,32161,32161,5292,5292,0.0,0.0,0.0048786978491810375,0.01128350900585521,0.019140030711405562,0.008909124429627428,0.00831309081508462,0.006340071821062477,0.027306405568545154,0.019276220256739574,0.013634031485503434,0.007612955474981961,0.006078995460005331,0.023902749660727047,0.013919053958829922,0.011409128303337113,0.005898009917599581,8,2
018_10_dimpler,018,no_region_weights,"Keeps eye/orbit exclusion and depth contours, but removes additional nasal/midface correspondence weights.",${PAPERFIT_ROOT}/research_rigid_upright_hardgate_allpairs_mergedpass_20260622/018_10_dimpler/018_10_dimpler_similarity_icp_regframe.obj,${PAPERFIT_ROOT}/prepared_001_020_cv/pairs/018_18_eye_closed/mesh.ply,32161,32161,5292,5292,0.0,0.0,0.006431096750744834,0.01582885046559622,0.02495531194271003,0.008909124429627428,0.007700698558064409,0.005837743255992692,0.027306405568545154,0.017743317265858954,0.013634031485503434,0.00473446823461141,0.0043235174983939015,0.023902749660727047,0.01289484166648016,0.011409128303337113,0.002616494881429148,16,2
019_10_dimpler,019,proposed_S8,"Eye/orbit exclusion, nasal depth-contour staging, and nasal/midface weights.",${PAPERFIT_ROOT}/research_rigid_upright_hardgate_allpairs_mergedpass_20260622/019_10_dimpler/019_10_dimpler_similarity_icp_regframe.obj,${PAPERFIT_ROOT}/prepared_001_020_cv/pairs/019_18_eye_closed/mesh.ply,30463,30463,7597,7597,0.0,0.0,0.005961024445005722,0.014493488985835789,0.027012259463423335,0.011545756239492035,0.009420589809993427,0.007557822490568275,0.03586698055069082,0.02551994188922564,0.016545631928990785,0.010305630047212312,0.0090295241939689,0.04770411683205256,0.036614475881092505,0.01135014945772649,0.004627466662191458,16,2
019_10_dimpler,019,no_eye_exclusion,Allows eyes-open source eye/orbit vertices to participate in fitting.,${PAPERFIT_ROOT}/research_rigid_upright_hardgate_allpairs_mergedpass_20260622/019_10_dimpler/019_10_dimpler_similarity_icp_regframe.obj,${PAPERFIT_ROOT}/prepared_001_020_cv/pairs/019_18_eye_closed/mesh.ply,35709,30463,7597,0,0.0,0.0,0.00860416577752713,0.014209661457061328,0.02514668350722053,0.011545756239492035,0.009667098536707785,0.0075612466572868055,0.03586698055069082,0.024324782706027694,0.016545631928990785,0.010014714247081447,0.008543474752161176,0.04770411683205256,0.035186339783602597,0.01135014945772649,0.0048196541143664205,16,2
019_10_dimpler,019,no_nasal_depth_contours,"Keeps eye/orbit exclusion and local anatomical regions, but removes depth-ordered nasal contour staging.",${PAPERFIT_ROOT}/research_rigid_upright_hardgate_allpairs_mergedpass_20260622/019_10_dimpler/019_10_dimpler_similarity_icp_regframe.obj,${PAPERFIT_ROOT}/prepared_001_020_cv/pairs/019_18_eye_closed/mesh.ply,30463,30463,7597,7597,0.0,0.0,0.0032523088720238695,0.008058084932539688,0.01585590021818236,0.011545756239492035,0.010980079627741597,0.008812421411457692,0.03586698055069082,0.028911956626582625,0.016545631928990785,0.012319556571407807,0.010707219876199943,0.04770411683205256,0.038662814002588725,0.01135014945772649,0.008322759946377576,8,2
019_10_dimpler,019,no_region_weights,"Keeps eye/orbit exclusion and depth contours, but removes additional nasal/midface correspondence weights.",${PAPERFIT_ROOT}/research_rigid_upright_hardgate_allpairs_mergedpass_20260622/019_10_dimpler/019_10_dimpler_similarity_icp_regframe.obj,${PAPERFIT_ROOT}/prepared_001_020_cv/pairs/019_18_eye_closed/mesh.ply,30463,30463,7597,7597,0.0,0.0,0.005925376241651057,0.014372769590833723,0.026831454007633638,0.011545756239492035,0.009420075303953541,0.00757692351082123,0.03586698055069082,0.02559378272139377,0.016545631928990785,0.010395812835363144,0.009494796771686714,0.04770411683205256,0.03736629799763096,0.01135014945772649,0.004713271685745429,16,2
019_12_lip_puckerer,019,proposed_S8,"Eye/orbit exclusion, nasal depth-contour staging, and nasal/midface weights.",${PAPERFIT_ROOT}/research_rigid_upright_hardgate_allpairs_mergedpass_20260622/019_12_lip_puckerer/019_12_lip_puckerer_similarity_icp_regframe.obj,${PAPERFIT_ROOT}/prepared_001_020_cv/pairs/019_18_eye_closed/mesh.ply,30482,30482,7568,7568,0.0,0.0,0.004814621771007159,0.011350155026253153,0.021996173575871386,0.011956432471378665,0.010603782752780594,0.008490820652075626,0.032753607619578524,0.025304879974523183,0.015256811379900386,0.009953631989258858,0.008806012059170476,0.04397742635027544,0.033005217986904735,0.011582242674194733,0.004928841694143547,16,2
019_12_lip_puckerer,019,no_eye_exclusion,Allows eyes-open source eye/orbit vertices to participate in fitting.,${PAPERFIT_ROOT}/research_rigid_upright_hardgate_allpairs_mergedpass_20260622/019_12_lip_puckerer/019_12_lip_puckerer_similarity_icp_regframe.obj,${PAPERFIT_ROOT}/prepared_001_020_cv/pairs/019_18_eye_closed/mesh.ply,35709,30482,7568,0,0.0,0.0,0.009027851136132555,0.014483357397475761,0.029710493620140204,0.011956432471378665,0.011003949174698156,0.008505303755533405,0.032753607619578524,0.022777823634462662,0.015256811379900386,0.009793408228709635,0.008403655561468345,0.04397742635027544,0.03346966809881527,0.011582242674194733,0.005316936855367511,16,2
019_12_lip_puckerer,019,no_nasal_depth_contours,"Keeps eye/orbit exclusion and local anatomical regions, but removes depth-ordered nasal contour staging.",${PAPERFIT_ROOT}/research_rigid_upright_hardgate_allpairs_mergedpass_20260622/019_12_lip_puckerer/019_12_lip_puckerer_similarity_icp_regframe.obj,${PAPERFIT_ROOT}/prepared_001_020_cv/pairs/019_18_eye_closed/mesh.ply,30482,30482,7568,7568,0.0,0.0,0.002941367802787051,0.006590688037072846,0.015574999920882036,0.011956432471378665,0.011719191978106058,0.00941626189405638,0.032753607619578524,0.027883238455777896,0.015256811379900386,0.011834877818191168,0.010221364465539392,0.04397742635027544,0.03541800420328893,0.011582242674194733,0.009091853276563424,8,2
019_12_lip_puckerer,019,no_region_weights,"Keeps eye/orbit exclusion and depth contours, but removes additional nasal/midface correspondence weights.",${PAPERFIT_ROOT}/research_rigid_upright_hardgate_allpairs_mergedpass_20260622/019_12_lip_puckerer/019_12_lip_puckerer_similarity_icp_regframe.obj,${PAPERFIT_ROOT}/prepared_001_020_cv/pairs/019_18_eye_closed/mesh.ply,30482,30482,7568,7568,0.0,0.0,0.004772478985565093,0.011284601553510413,0.021798988577229134,0.011956432471378665,0.01061972565673533,0.008522670176138978,0.032753607619578524,0.02543520871303677,0.015256811379900386,0.010019395611359535,0.009296268698788104,0.04397742635027544,0.03380479606127435,0.011582242674194733,0.005004558397352375,16,2
020_13_lip_funneler,020,proposed_S8,"Eye/orbit exclusion, nasal depth-contour staging, and nasal/midface weights.",${PAPERFIT_ROOT}/research_rigid_upright_hardgate_allpairs_mergedpass_20260622/020_13_lip_funneler/020_13_lip_funneler_similarity_icp_regframe.obj,${PAPERFIT_ROOT}/prepared_001_020_cv/pairs/020_18_eye_closed/mesh.ply,31963,31963,5729,5729,0.0,0.0,0.004585803037512286,0.008891355830502816,0.02530435471794988,0.011447861590099037,0.010232211701218083,0.008142495144303753,0.033584790900646276,0.02801081218103251,0.018253052868505718,0.00683460664687504,0.005785220587412097,0.041862012160514155,0.021181139764661,0.013211149052141236,0.004568980926617306,16,2
020_13_lip_funneler,020,no_eye_exclusion,Allows eyes-open source eye/orbit vertices to participate in fitting.,${PAPERFIT_ROOT}/research_rigid_upright_hardgate_allpairs_mergedpass_20260622/020_13_lip_funneler/020_13_lip_funneler_similarity_icp_regframe.obj,${PAPERFIT_ROOT}/prepared_001_020_cv/pairs/020_18_eye_closed/mesh.ply,35709,31963,5729,0,0.0,0.0,0.006769927306335949,0.011526988806825483,0.02606240460357037,0.011447861590099037,0.010972920516984324,0.00829080145738848,0.033584790900646276,0.02966600662143568,0.018253052868505718,0.006443542230011422,0.005246689750678105,0.041862012160514155,0.02233719087755127,0.013211149052141236,0.005612600994235356,16,2
020_13_lip_funneler,020,no_nasal_depth_contours,"Keeps eye/orbit exclusion and local anatomical regions, but removes depth-ordered nasal contour staging.",${PAPERFIT_ROOT}/research_rigid_upright_hardgate_allpairs_mergedpass_20260622/020_13_lip_funneler/020_13_lip_funneler_similarity_icp_regframe.obj,${PAPERFIT_ROOT}/prepared_001_020_cv/pairs/020_18_eye_closed/mesh.ply,31963,31963,5729,5729,0.0,0.0,0.0032822995120917386,0.006326922558337455,0.019363250885877915,0.011447861590099037,0.011405187819000594,0.009047912204731442,0.033584790900646276,0.030711223054631153,0.018253052868505718,0.010276592250946763,0.00821186172481373,0.041862012160514155,0.026419479828854977,0.013211149052141236,0.00848864891817341,8,2
020_13_lip_funneler,020,no_region_weights,"Keeps eye/orbit exclusion and depth contours, but removes additional nasal/midface correspondence weights.",${PAPERFIT_ROOT}/research_rigid_upright_hardgate_allpairs_mergedpass_20260622/020_13_lip_funneler/020_13_lip_funneler_similarity_icp_regframe.obj,${PAPERFIT_ROOT}/prepared_001_020_cv/pairs/020_18_eye_closed/mesh.ply,31963,31963,5729,5729,0.0,0.0,0.004553377450462444,0.008877778577176478,0.02476011569010136,0.011447861590099037,0.010256177051988053,0.008173631175972206,0.033584790900646276,0.0281396250357708,0.018253052868505718,0.006936568775502212,0.0059945194745681,0.041862012160514155,0.021944309736207507,0.013211149052141236,0.004647560760094262,16,2
020_19_brow_raiser,020,proposed_S8,"Eye/orbit exclusion, nasal depth-contour staging, and nasal/midface weights.",${PAPERFIT_ROOT}/research_rigid_upright_hardgate_allpairs_mergedpass_20260622/020_19_brow_raiser/020_19_brow_raiser_similarity_icp_regframe.obj,${PAPERFIT_ROOT}/prepared_001_020_cv/pairs/020_18_eye_closed/mesh.ply,32449,32449,4931,4931,0.0,0.0,0.005939740105626303,0.012684324377381394,0.024733859999884634,0.012273891963438055,0.010596580365393767,0.008261865101589085,0.03297630364445685,0.02535786184837704,0.012255054862578201,0.0075266586021522745,0.006533327412398406,0.0322394669977656,0.023210027092633524,0.011039227047958945,0.004750279062848503,16,2
020_19_brow_raiser,020,no_eye_exclusion,Allows eyes-open source eye/orbit vertices to participate in fitting.,${PAPERFIT_ROOT}/research_rigid_upright_hardgate_allpairs_mergedpass_20260622/020_19_brow_raiser/020_19_brow_raiser_similarity_icp_regframe.obj,${PAPERFIT_ROOT}/prepared_001_020_cv/pairs/020_18_eye_closed/mesh.ply,35709,32449,4931,0,0.0,0.0,0.009396489691634589,0.015027266958383684,0.025530503971689742,0.012273891963438055,0.012138359761074023,0.009064097071851096,0.03297630364445685,0.024064143947655672,0.012255054862578201,0.007358336546802972,0.0062907074546025635,0.0322394669977656,0.021612735322182143,0.011039227047958945,0.005035345821112965,16,2
020_19_brow_raiser,020,no_nasal_depth_contours,"Keeps eye/orbit exclusion and local anatomical regions, but removes depth-ordered nasal contour staging.",${PAPERFIT_ROOT}/research_rigid_upright_hardgate_allpairs_mergedpass_20260622/020_19_brow_raiser/020_19_brow_raiser_similarity_icp_regframe.obj,${PAPERFIT_ROOT}/prepared_001_020_cv/pairs/020_18_eye_closed/mesh.ply,32449,32449,4931,4931,0.0,0.0,0.002914904967061005,0.005960471181400898,0.014712631313469606,0.012273891963438055,0.012022994223167478,0.009347557505571919,0.03297630364445685,0.028374996817743015,0.012255054862578201,0.008772153337843428,0.007608255656929757,0.0322394669977656,0.024475453917979104,0.011039227047958945,0.008086683306116466,8,2
020_19_brow_raiser,020,no_region_weights,"Keeps eye/orbit exclusion and depth contours, but removes additional nasal/midface correspondence weights.",${PAPERFIT_ROOT}/research_rigid_upright_hardgate_allpairs_mergedpass_20260622/020_19_brow_raiser/020_19_brow_raiser_similarity_icp_regframe.obj,${PAPERFIT_ROOT}/prepared_001_020_cv/pairs/020_18_eye_closed/mesh.ply,32449,32449,4931,4931,0.0,0.0,0.005914593663393518,0.012608702624404833,0.02476713839528276,0.012273891963438055,0.010592324914771283,0.008305607940568192,0.03297630364445685,0.025391300193271522,0.012255054862578201,0.007623702263658407,0.006884840536195534,0.0322394669977656,0.023862099195976903,0.011039227047958945,0.004847795005585806,16,2

